id,title,content,rating
15933278,Bình thường,"Đặt size M vì mình 50kg nhưng mà bị chật lắm nha. Mặc mà hằn lên thịt chịu không nổi, nên khuyên mọi người nên suy nghĩ chọn size cho kỹ đừng bị sai lầm như mình thì uổng tiền.

Mà tính mình thì đồ lót không giặt mình k ướm thử, thành ra cắt mạc giặt sạch hết rồi mới mặc thì ôi...chật quắn quéo",3
18271757,Rất không hài lòng,"Tôi chọn size lớn nhất dành cho ng trên 70kg nhưng nhận hàng là size nhỏ và ko co dãn nhiều, tôi 48kg mà cũng quá nhỏ.",1
16409889,Rất không hài lòng,"Shop tư vấn size ko đúng, mặc ko vừa. Đề nghị Tiki cho đổi hàng lại",1
16330036,Rất không hài lòng,mấy cái màu thấy ghê.nên rẻ là phải rồi.,1
16215230,Rất không hài lòng,"Thấy vọng, chất lượng không như mong đợi, so với giá bán thì chất lượng như thế là quá đắt 👎",1
11613543,Rất không hài lòng,.............. ..........,1
6183306,Rất không hài lòng,"hàng đểu, thất vọng, quảng cáo một đàng giáo một nẻo",1
6872374,Bình thường,,3
13476409,Không hài lòng,Áo mình mua màu kem mà ship màu trắng nhưng nhìn cũng ok,2
6285508,Rất không hài lòng,Mắc mà xấu kinh khủng!!! Tốn tiền,1
2677066,Rất không hài lòng,"Lần đầu mua hàng tiki, giao đúng màu đúng size hài ở chỗ mua áo nữ giao áo nam",1
20017735,Bình thường,"Mọi thứ đều ok hết, có điều shop thiên vị cho người khác quá giao về màu trắng chiếm hết 50% nha shop, nay tạm cho shop 3 sao về vấn đề này",3
9241518,Rất không hài lòng,"Cần những màu basic như trên hình nhưng nhận về những màu rất chói. Dù biết ghi giao màu ngẫu nhiên nhưng mình đã nghĩ ngẫu nhiên là ngẫu nhiên như trong hình minh hoạ thôi.
Với mình trải nghiệm này rất tệ luôn.",1
17887644,Rất không hài lòng,"Sản phẩm nhái vải rất mỏng, giặt 2 lần giãn luôn.tôi từng sài hãng này dùng ok, nay mua lại thật thất vọng",1
2475145,"chất lượng bình thường, vải cứng, thô","trước mình đã mua 1 lần, lần này mua lại cảm thấy khá thất vọng.
Chất vải các màu không đồng đều, màu trắng làm loại lại khá thô và cứng.
Bao bì nhìn cũ & dơ *** bẩn, nhìn phát nản",1
2280446,Tạm được,"Vải tạm, với mình thì thấy không mềm lắm đâu ạ. Viền quần khá cứng nên bị ngấn mông ngồi khá là đau mông và sẽ hằn nhiều khi mặc đồ. Mình đã mua thử annie, paltal (combo 10 cái nhưng toàn giao màu đậm ko được đẹp), miley thì combo vải miley này ko mềm bằng 2 loại kia. Màu nude, màu đen nhìn ok còn màu hồng nhạt và trắng nhìn kiểu hơi rẻ tiền nên ko đẹp. Mình mua đúng size L sau khi đọc nhận xét của mấy bạn, mình 53kg và vòng 3 khoảng 91cm, vừa nhưng rộng hơn xíu thì cũng thoải mái. Mỗi bịch có cả nude đen hồng trắng kem đủ cả nhé.",2
12301393,Rất không hài lòng,"vòng mông 95 mà gửi size s thì mặc thế nào được, xem thế nào hướng dẫn đổi size đi shop",1
14234224,Rất không hài lòng,"Đặt size XL mà giao size S, không mặc vừa, mong shop đổi lại size XL!",1
16101356,Bình thường,"Sản mặc thoải mái, giao đúng size và nhanh",3
14275520,Bình thường,"Hàng dùng Cũng tạm được, tiki bắt buộc nhận xét dài quá",3
9869179,Bình thường,Không thích màu sặc sỡ mà giao màu hồng ghê quá.,3
14689798,Rất không hài lòng,Rất ok. Mua giảm xuống 1 size,1
1979522,Bình thường,"Tính ra 20k một cái, nếu mua ngoài chợ thì cũng có giá này mà quần đẹp hơn, nhưng đó là quần trung quốc, cái này đảm bảo là hàng Việtnam luôn, mặc thì cũng khá thoáng, mịn, size m nhìn hơi to chút xíu, dáng lưng hơi cao, giao hàng cực nhanh, nay đặt mai giao, thích tiki quá",3
12379892,Rất không hài lòng,"Giao không đúng màu, màu đỏ hồng không luôn.",1
11006469,Không hài lòng,quần vải đẹp mắt giao màu gì k à. đúng là đồ sale có khác,2
6395800,Rất không hài lòng,Mua 2 lần hàng ko giống mẫu,1
5533918,Bình thường,Chị size XL mà chị ghi nhầm thành size S. Giơ liên hệ đổi thế nào shop,3
6502653,Không hài lòng,"Đặt size L, giao size S là sao vậy? Có đổi trả được ko ạ?",2
3559089,Bình thường,Sản phẩm xài OK. Mình mua cả gần trăm cái trên Tiki. Tuy nhiên vừa rồi mua thì vừa cho máy giặt 1 lần trước khi sử dụng đã bị rách rồi,3
8724220,Bình thường,"chất liệu tốt, nhưng size XL mà nhỏ không mặc được luôn",3
20218973,Rất không hài lòng,Tôi chưa nhận được hàng tại sao lại ghi giao hàng thành công. Vui lòng liên hệ tôi gấp,1
20183500,Bình thường,"chất lượng ổn, nhưng sao áo nữ lại may áo nam thế shop ơi, áo diễu nách, mí vai, mí phần nối sau lưng. ko giống mẫu.",3
19002519,Bình thường,"Đóng gói cẩn thận, nhưng áo không như giới thiệu",3
19648960,Không hài lòng,"Form áo không chuẩn (tay quá rộng),chât vải không ổn lại hơi có mùi.",2
16200596,Rất không hài lòng,"đặc size m lại giao en L, đích bự mà hay mắc cỡ m đó",1
16501873,Rất không hài lòng,"Treo đầu dê , bán thịt ***..",1
16421675,Rất không hài lòng,Treo đầu dê bán thịt ***..,1
12551510,Rất không hài lòng,tạm được không tốt lắm mong shop làm tốt hơn,1
6499003,Rất không hài lòng,"Chất quần xấu, nilon thô bí",1
6498986,Rất không hài lòng,"Vải nóng và bí, nilon thô",1
3230211,Rất không hài lòng,giao hàng khác sản phẩm! Cần đổi trả ngay!,1
7904905,Rất không hài lòng,Tôi đặt mua quần màu nâu shop lại gửi màu đen.,1
6886927,Rất không hài lòng,Thực tế ko giống hình trên quảng cáo,1
5815062,Bình thường,,3
3344159,Bình thường,với 114k thì vải rất ok nhưng size S mà to cỡ XL,3
3533093,Rất không hài lòng,Ko hai long vi gửi ko dung mẫu,1
2838879,Shop giao thiếu hàng,Mua 5 chiếc mà thiếu tận 2 cái. Shop xem xét xử lý cho mình. Hàng chất tạm ổn,1
2466688,Rất không hài lòng,Combo 5 cái mà sao giao có 4 cái...ko hiểu tiki làm việc sao nữa....đến hôm nay vẫn chưa xử lí.thất vọng cách làm việc,1
1352874,Chất liệu không đúng,"Quần có ghi 92% là nylon, mà trong giới thiệu của Tiki là 95% cotton. Đề nghị sửa lại thông tin của mặt hàng cho đúng với thực tế.",3
1371262,Không hài lòng,chất liệu không đúng như Tiki giới thiệu. Tiki giới thiệu sản phẩm 95% cotton nhưng lúc nhận hàng là 92% nilon.,2
19351443,Bình thường,"Chất lượng tạm ổn, có kèm 1 quần lót bơi nhưng kích thước không phù hợp. Áo có miếng mút độn ngực nhưng ko dc may cố định, dẫn tới khi bơi thì chạy lung tung. Rốt cục phải vứt bỏ, bận áo ngực bên trong như bình thường.",3
20029647,Không hài lòng,Chị đặt áo màu vàng mà sao giao màu đỏ?,2
5057005,Bình thường,Vải k phải chất lụa sờ tay thấy thô mà phần ren màu còn bị ố nữa,3
5592625,Rất không hài lòng,K phải lụa đường ren may k giống có mùi khó chịu vải ren bị ố,1
3410108,Bình thường,"sản phẩm đúng mẫu,chất liệu vải lụa chưa đk như ý lắm",3
17392826,Không hài lòng,Dạ shop ơi cái bộ đồ của e sao nhỏ vậy ạ mong shop đổi cho em đc hông ạ,2
13848771,Rất không hài lòng,K hài lòng giao hàng k đúng size . K có mục lựa chọn size ko bao giờ mua lại,1
7609772,Bình thường,"giao 1 sản phẩm ko đúng cỡ đã chọn (cỡ S), quá to so với cỡ S",3
8675152,Rất không hài lòng,tại sao tôi đặc bộ người lớn mà ra trẻ em là sao,1
7609639,Bình thường,"1 bộ rất rộng, ko đúng cỡ đã chọn là cỡ S",3
14291490,Bình thường,"Áo đúng size theo bảng hướng dẫn, tuy nhiên cổ hơi rộng",3
3211976,Bình thường,"đã trả hàng, màu tối hơn trên hình, gần như màu đen",3
5111085,Bình thường,,3
3660057,Rất không hài lòng,Áo ra màu hơn hàng chợ ?,1
20223922,Không hài lòng,"Gửi hàng ko đúng mẫu mã, hàng gia công chưa cắt chỉ",2
20130184,Không hài lòng,Hàng không đúng mầu đã đặt.,2
20004399,Rất không hài lòng,"Hàng không đúng hình ảnh,chất lượng kém.",1
12582820,Rất không hài lòng,"quá tệ. hình và đồ giao thực tế hoàn toàn khác. Đặt ngắn tay giao dài tay, mẫu mã và chất liệu quá tệ. Liên hệ shop đổi hàng thì shop nói k phải đồ của shop mình. Thật k thể tin được hiện tại vẫn còn kiểu bán hàng *** thế này...",1
18402751,Rất không hài lòng,"Treo đầu dê bán thịt ***, tôi đặt bộ lụa màu xanh lại đi giao cái đồ quỷ j thế này?",1
13263813,Bình thường,"đồ k giống mẫu đăng tí nào. mình đặt size M giao size L, mặc bị rộng cái áo. được cái chất liệu vải vs màu OK. vốn dĩ mình tìm mua y như hình nên hơi thất vọng xíu.",3
17027931,Rất không hài lòng,"Cái shop làm ăn vầy mà tiki vẫn cho hoạt động thiệt là mất uy tín quá tiki ơi, đặt hàng 1 đường giao hàng 1 nẻo",1
15831383,Rất không hài lòng,"Đặt mua màu hồng giửi về màu đen shop bị mù màu hay mù chữ???
Đã thế mẫu mã chất liệu size ko đúng 
Xứng đáng làm rẻ lau.",1
3379074,Rất không hài lòng,"Chất liệu và màu sắc không như mô tả. Vải rất nóng, rất mỏng rất dễ rách đường may không chỉnh chu, đb là bộ này của mình còn bị phai màu 1-2 chỗ gì đó mình đã gọi điện để hoàn sản phẩm. Các bạn lưu ý nhé tiki k hỗ trợ hoàn nếu sp không lỗi vì vậy chất liệu hay màu sắc có sai sự thật thì tiền vẫn mất mà hàng chưa chắc đã được dùng. Quá tệ. Hy vọng tiki kiểm soát chặt với các bên shop để có những sp chất lượng phù hợp giá tiền.",1
3656078,Rất không hài lòng,"rat không hài lòng..shop giao hàng không giống mẫu..đồ bộ quần dài..shop giao bộ ngắn..vải thô và nóng.
rất không hài lòng",1
12733280,Rất không hài lòng,"Sản phẩm  kém chất lượng , sợi vải nhìn thô không mềm mịn.Ko được kiểm tra hàng trước khi thanh toán.",1
15831342,Rất không hài lòng,Shop làm ăn quá vớ vẩn mẫu 1 đằng sản phẩm nhận về lại 1 lẻo,1
12395299,Rất không hài lòng,làm ăn quá tê.shop kg có uy tín .yêu cầu đổi hàng liền,1
7824300,Rất không hài lòng,mình đặt màu hồng mà đưa màu này làm ăn không uy tín iu cầu đổi,1
12811240,Không hài lòng,"Vải đẹp, hàng ko đúng mẫu và màu, thất vọng",2
13774204,Bình thường,đường may hơi kém,3
8499477,Rất không hài lòng,"quá tệ, đường chỉ may xấu, chỉ còn chưa cắt, tệ quá",1
3003968,Rất không hài lòng,"màu sắc ko đúng chọn hồng mà gửi xám,đường may và chỉ ko đẹp,còn chỉ thừa quá nhiều trên đường may chất liệu ko được mềm mại,",1
3723658,Rất không hài lòng,"Chất lượng qua tệ,nên cho dẹp luon là vừa,hình quần dài,giao quần ngắn,vãi qua nhieu chỉ lòi ra.Nghỉ luon là vừa",1
2807820,Sản phẩm lỗi,"Đồ bị xước 1 đường khá dài, chất liệu vải xấu rất dễ tưa, xước.",1
9778797,Rất không hài lòng,giao sai mẫu sai màu bực mình,1
2568412,Bình thường,chất liệu vải thì đẹp đó! mà may quá ẩu đi! ngồi cắt chỉ với khâu lại cả buổi sáng. mà kiểu này giặt máy giặt vài lần là tan nát hết thôi!,3
8744985,Rất không hài lòng,Toi muon doi bo khac vi bo nay bi bun chi roi.,1
8964871,Bình thường,đồ còn chật k đủ size để lựa,3
5680202,Rất không hài lòng,Sao hàng đặt bô dài ma giao hàng bô lửng không đúng hàng đặt,1
8537860,Rất không hài lòng,sai nay ko mặc vừa co cho đôi lai ko,1
8537805,Rất không hài lòng,sai này ko vừa co đổi được ko,1
3118144,Giao sai hàng,Tôi đặt bộ đồ màu hồng và mẫu hoàn toàn khác với thực tế hàng đã giao,1
2575920,Giao sai sản phẩm,"Mình đặt 2 bộ dài nhưng shop giao bộ màu xanh dài bộ màu vàng ngắn
Chất vải nhìn thì ok nhưng mình chưa mặc thử nên không biết thế nào",3
3059152,Rất không hài lòng,làm ăn *** yêu cầu một mẫu gửi mẫu giá kiểu như đi xin,1
2981548,*** dối khách hàng,Hàng nhận được không giống với ảnh quảng cáo! hàng quần ngắn!,1
2573421,Bình thường,"Vải mỏng mềm tuy nhiên chất liệu vải chưa tốt lắm 
Chọn sai hơi to nhưng không đổi lại được hơi bất tiện",3
5694593,Rất không hài lòng,Sản phẩm quá tệ k như hinh,1
3535534,Rất không hài lòng,"rất không hài lòng, sản phẩm giao khác mô tả và hình giới thiệu",1
4800941,Rất không hài lòng,hinh quang cao quan dai ma sau giao quan dui,1
2799238,Bình thường,"Đồ mặc vừa,vải hơi mỏng ko biết giặt máy giặt có bị tưa đường chỉ",3
3212818,Bình thường,Kiểu dáng đẹp nhưng vải mỏng quá bị dạt đường may,3
4898694,Bình thường,tạm dc,3
5215160,Bình thường,,3
2664948,Bình thường,"Sản phẩm đường may khá cẩu thả, vải giống phi bóng, không phải lụa",3
2872624,Ko hai lòng lắm,"Chất liệu dỡ quá , mặc giặt 1 lần đã tuột hết chỉ ,",1
2615287,Bình thường,"*** rất mềm nhưng khi mặc đc 1 lần thì bị tua hết, k mặc đc nữa",3
4525738,Không hài lòng,,2
4151400,Không hài lòng,,2
2542881,Rất không hài lòng,"minh qua that vong nut ao long rot hoai ,vai mac qua 1lan nhan nheo su long",1
20211015,Rất không hài lòng,"Bán không đung với những gì người mua đặt, nếu hết màu thì phải gọi lại để hỏi hoặc hủy hay lấy màu khác. Còn này không gọi mà bán cho người đặt luôn chứ, tôi góp ý để shop rút kinh nghiệm, mình kinh doanh chủ yếu đặt ủy tín lên hàng đầu ạ",1
2609429,Bình thường,"Ren mỏng, đệm mút mỏng, độ dài tương đối ngắn hơn trong hình người mẩu mặc.",3
4149714,Bình thường,,3
20222226,Rất không hài lòng,Rõ ràng lúc mua chọn màu da hết mà lại giao màu tím. Mặc quần lọt khe bên trong quần dài trắng để k lộ viền và màu quần lót ở phần mông mà giao cho cái màu dị gì vậy. Tốn tiền,1
19081318,Rất không hài lòng,Giao ko có hạt rau muống và 2 túi cái mỡ...  Giao thiếu hangf và ko giao đúng hàng,1
17047260,Hài lòng,Quần hồng mình nhận có vệt bẩn. >60k nên chất mềm,2
16113448,Rất không hài lòng,"Mình mới dùng lần đầu, dán 8 tiếng đi làm đến khi bóc ra bị phồng rộp da luôn. Huhu 
Miếng dán này có giới hạn thời gian dán k vậy? Cho mình biết với ạ.",1
15201524,Không hài lòng,tạm được.............  .....,2
17166686,Rất không hài lòng,Hàng không giống hình tôi đã chọn. Loại tôi chọn là quần vải cotton.Yêu cầu Tiki giải quyết vấn đề giúp. Tôi rất không hài lòng,1
19615510,Bình thường,"Form quần không đẹp , thực tế thì không như hình ảnh , quần không ôm, dài .",3
15547155,Rất không hài lòng,"Vui lòng trả lại tiền và thu hồi hàng vì không đúng như sản phẩm đã quảng cáo, hàng nhận được là quần lót giấy XXXL",1
18210531,Rất không hài lòng,Shop bán hàng không đúng như quảng cáo hay nói đúng hơn là cố tình *** đảo khách hàng. Tiki nên dẹp các chủ shop làm ăn ko chuẩn này đi.,1
12805161,Rất không hài lòng,"Đặt size 2XL, giao size 3XL, sai số lượng . Chất lượng và mẫu mã không đúng như đăng trên shop.",1
3579990,Rất không hài lòng,"Treo đầu dê bán thịt chó,làm vậy cũng làm dc,quần này mà mặc dc à shop.Bán hàng có tâm chút đi.Mua về mất công đem vứt nha mọi người",1
3795115,Rất không hài lòng,"Quần rất tệ, ảnh thì 1 loại giao lại là loại khác, mọi người cẩn thận kẻo lại bị ***. yêu cầu tiki bán hàng có trách nhiệm, tôi cẩn đổi trả, quần gì mà mỏng tanh cầm thôi đã muốn rách",1
10157218,Rất không hài lòng,"Gửi sản phẩm sai quảng cáo, gửi hàng rẻ tiền hơn. Và không đúng size yêu cầu",1
2985941,Cực tệ,"Hàng ko đúng như trên ảnh, ko phải cotton mà chỉ là quần giấy thường, thông tin ghi là giặt được nhưng trên bao bì sản phẩm ko nói như vậy. Đặt size XL nhưng lại nhận được size XXXL.",1
11182186,Rất không hài lòng,"Sản phẩm rất kém chất lượng, không phải cùng loại như trên hình đăng. Không thể sử dụng được.",1
14753783,Rất không hài lòng,"Hàng k đúng mô tả
Sp đổi trả cũng y như cũ",1
10867135,Rất không hài lòng,"Quần méo mó, 2 ống ko bằng nhau",1
6627718,Rất không hài lòng,"Quần chất lượng không tốt. Mỏng tang, trông như tỉm. ( vẫn còn nguyên chua dùng). Ko nên bán loại này,",1
3674780,Rất rất rất tệ!,"Rất tệ. Mình đặt size xxl nhưng lại giao xxxl. Chất vải rất tệ, ko co giãn, sp ko giống như hình. Ghi là combo 18 quần nhưng chỉ có 15 quần.",1
11026286,Rất không hài lòng,"Cắt may ko đều,đùi to to,đùi nhỏ nhỏ",1
2978131,Sản phẩm không như hình,"Sản phẩm khác hoàn toàn hình ảnh thể hiện, chất lượng kém, sản phẩm rách, bẩn. Không phải giấy vải mà chỉ là giấy bình thường. Tệ vô cùng.",1
9714687,Rất không hài lòng,"vải quá dở, ống hai bên ko giống nhau. quá tệ",1
8096346,Rất không hài lòng,chất luong  k như quảng cáo mong rách qua te,1
5195573,Rất không hài lòng,Sp ko giống như quảng cáo. Rất tệ!,1
5343465,Rất không hài lòng,ko giống như hình mẫu đã đăng,1
9247987,Rất không hài lòng,"Chat luong kem, khong nen mua",1
4521577,Rất không hài lòng,cai tot cai xau tra tron vo giao hang,1
4035752,Rất không hài lòng,"Quá mỏng, ko thể mặc được",1
4399656,Rất không hài lòng,Chat luong qua chan,1
3708292,Rất không hài lòng,,1
19636983,Không hài lòng,"- NHẬN HÀNG ÁO BỊ LÒI GỌNG KIM LOẠI RA NGOÀI
- QUẦN QUÁ NGẮN VÀ CHẬT SO VỚI CÂN NẶNG SHOP GHI CHÚ
Thật sự mình cần gấp nên mới đặt TIKI Now nhưng nhận hàng thì ko dùng được. Mua hàng onl 5 - 7 năm lần đầu bị xu như z á, cũng là lần đầu mình viết đánh giá sản phẩm luôn á. 
thất vọng khi nhận được hàng như vậy, có liên hệ shop nhưng k nhận được phản hồi",2
19189566,Rất không hài lòng,"Mua sp, mặc ko vừa, nt NCC hỏi thăm đổi hàng nhưng NCC lại chuyển lại cho Tiki.
Thấy Tiki gởi email thông báo nhưng đến giờ vẫn ko ai hỏi thăm để tìm hướng xử lý.",1
17185177,Không hài lòng,shop cố tình giao sai kích cỡ.khách chọn SIZE XL mà đi giao M sao mặc được,2
8014249,Bình thường,"màu sắc như hình, áo thì hơi ngắn, lớp đệm ngực cứng và lỏng gây đau, mình đã phải tháo độn ngực ra, cắt đi lớp lót đã hỏng, may thêm 2 đường ly dài sau lưng cho áo ôm vào người. cũng tạm được",3
9441527,Không hài lòng,Size L mà quá nhỏ trong khi không có thông tin giải thích rõ.,2
3635842,Bình thường,"Chất lượng vải tốt. Áo hơi khó mặc, nếu có mấy đường dây kéo ngắn phía sau cổ thì sẽ dễ mặc và tháo ra hơn.",3
3973907,Không hài lòng,"điểm cộng: túi zip ok, chất liệu ok, 
điểm trừ: đệm ngực k ok, hàng lem màu",2
4129616,Bình thường,"bị ra màu xanh nhiều, nên dính vào áo hồng chỉ sau 1 lần giặt",3
6826188,Bình thường,,3
5440183,Bình thường,,3
4094924,Bình thường,,3
3966303,Không hài lòng,,2
3847693,Bình thường,,3
5744875,Rất không hài lòng,"Tiền nào của nấy là đúng, không phải hàng được giảm giá mà đúng giá trị thực.",1
5306430,Không hài lòng,"áo xấu lắm , len dệt thưa mỏng, áo bèo nhèo",2
6868769,Bình thường,,3
6836024,Rất không hài lòng,,1
5532794,Bình thường,,3
2028726,Đã mua,"Thất vọng kinh khủng. 
Chờ đc giao hàng gần 1 tuần nữa chứ.",1
17856600,Rất không hài lòng,"mình đặt 4 set ( mỗi set 10 quần) đều chọn mix màu, nhưng lại gửi 1 bịch toàn màu da, 1 bịch toàn màu đen.
Nhắn tin thì shop xem nhưng ko có phản hồi gì. 
Chất lượng quần thì chỉ ở mức được, nhưng bán hàng kiểu 1 lần rồi thôi. Ko nên mua",1
17792695,Rất không hài lòng,"Nhận hàng mà thất vọng quá. Đã chọn loại ko phải thông khí, mà lại nhận lại loại có thông khí. Nhìn vải thì không đẹp. Buồn.",1
18429422,Rất không hài lòng,Đặt saiz m cho 2 mẫu cái thì bự chà bá cái thì 1 chút xíu muốn đổi lại mà chẳng ai tl tn,1
17879150,Rất không hài lòng,"(*) Đánh giá không tính điểm
Đặt combo 10 quần trong khi đó chỉ giao 5 quần tính tiền 10",1
9807498,Bình thường,Mặc dù giá đã giảm còn 199k nhưng chất lượng thì chưa tương xứng so với các sản phẩm khác ở tầm giá này,3
15909003,Rất không hài lòng,ko giống trong hình:((☺️....,1
14868412,Hài lòng,.....   ......................,1
16278034,Rất không hài lòng,"Giao hàng không giống hình, chỉ có áo không có chân váy chống nắng. Nhắn tin thì shop không trả lời",1
3687866,Rất không hài lòng,"Hàng nhận không giống trên ảnh, từ mẫu mã đến màu sắc. Mình đặt hàng áo nắng dài đến chân màu xanh tím than mà lúc nhận thì lại 1 áo màu hồng chỉ dài đến hông. Mình rất bực mình vì thái độ bán hàng không uy tín của chủ shop",1
16232399,Rất không hài lòng,"Áo mỏng quá, dài to so với 1m5 40kg",1
15881467,Rất không hài lòng,mua áo dài mà lại giao áo ngắn :(,1
3633627,Yêu cầu đổi lại sản phẩm,"Tôi mua áo chống nắng toàn thân, sao lại giao cho tôi áo này, tôi muốn đổi lại sản phẩm",2
3590764,Rất không hài lòng,"Chất liệu bình thường, đường chỉ may ko khéo, nhưng so với giá vậy là ổn. Mình đặt màu xanh than, lại giao màu xanh ngọc ?. Vui lòng đổi lại màu cho mình.",1
10607868,Bình thường,Áo mỏng và khoá hơi khó kéo!,3
5826676,Bình thường,,3
4079349,Rất không hài lòng,,1
6357411,Không hài lòng,"ko  giống  màu  như  hình  ,vì  Con  mình  nhận  hàng  nên  mình  chưa  kịp  kiểm  tra, yêu cầu  dc  đổi  trả",2
8624329,Bình thường,"Màu đẹp kiểu giống hình, nhưng chất liệu vải không như ý.",3
6622103,Bình thường,hơi mỏng và k có giãn,3
8213109,Không hài lòng,"vải mỏng quá,size nhỏ hơn bình thường.",2
5641236,Bình thường,Váy ngắn hơn hình ảnh nên không thích,3
3769803,Hài lòng,"Chất liệu mềm, vừa vặn. Giao hàng nhanh phù hợp với giá tiền",3
7155104,Bình thường,Hàng như hình,3
4872313,Không hài lòng,,2
4040900,Bình thường,Hài lòng,3
4026180,Rất không hài lòng,,1
3472003,Không hài lòng,"Mình nhận hàng rồi nhưng sp không đúng như hình, mình muốn trả lại, giá mình mua cũng cao hơn",2
2606335,Rất không hài lòng,"qua te.ao nho xiu,ngan ngun nhu ao tre con,k dang so voi gia tien.hom truoc tinh tra hang ma minh k biet vo dau de tra nen thoi.hi vong lan sau shop ban hang uy tin hon",1
2516463,Rất không hài lòng,"Bán *** đảo khách hàng, sản phẩm giao sai trước lúc đặt. Nói chung không ra gì. Sau này chắc không mua nữa",1
2771282,Rất không hài lòng,bị *** k đọc feedback mà mua luôn. áo giặt 1 lần co rúm lại đến tận rốn k mặc đc luôn. bỏ đi quá phí. k nên mua nhé mn,1
2500439,Rất không hài lòng,KHÔNG BIẾT MẶC KIỂU GÌ? ÁO NÀY CỦA TRẺ E HAY SAO SHOP? CHẮC KO BAO GIỜ MUA LẦN NỮA,1
5373270,Rất không hài lòng,Áo ngắn trên lưng quần sao mặc,1
2807971,mọi người tẩy chay hàng của shop này đi đừng bị mắc ***,"quá tệ, *** đảo, hàng kg có một chút nào là như hình, tui lấy làm giẻ lau nhà rồi",1
2778573,Không hài lòng,"Áo vải cứng, vải mỏng, lỗ to, không tiện mặc , phải mặc thêm áo lót",3
5178915,Bình thường,,3
20215053,Rất không hài lòng,Chất liệu tệ ko đẹp không như trên hình *** quá xấu,1
13447673,Rất không hài lòng,chất lượng quá kém .hàng k giống trong hình. k hài lòng khách hàng,1
2780670,Sản phẩm khác mong đợi hoàn toàn,Lần trước mua rất hài lòng nhưng lần này quá thất vọng xin vui lòng hỗ trợ đổi sớm giúp tôi Xin cảm ơn,1
2722305,Rất không hài lòng,hàng ko giống trog hình j hết vải rất xấu ko nên mua nghe mọi ng,1
2294654,Rất không hài lòng,"giao hàng không đúng size đã đặt, váy rất ngắn so với hình mẫu. rất không hài lòng",1
14414109,Rất không hài lòng,"không hài lòng với cách xử lý của CH. Hết hàng tại sao k gọi điện trực tiếp mà chỉ nhắn tin trong Tiki, đâu phải ngày nào cũng vào Tiki đâu, rồi tự đổi loại quần khác chứ, loại quần này mặc nóng, bí bách. Quá tệ luôn.",1
17528705,Rất không hài lòng,Để giao màu ngẫu nhiên và hình bên ngoài màu nhã nhưng giao toàn mấy cái màu xấu gì đâu luôn,1
17511536,Rất không hài lòng,Mình đặt 10 quần size XL shop lại giao size M?,1
2962181,Bình thường,"Mình nhận được hàng, sản phẩm đẹp giống mô tả, shipper vui vẽ nhiệt tình. Tuy nhiên shop giao thiếu hàng cho mình chỉ có 5 chiếc, hi vọng shop nhận thông tin và giải quyết giúp.",3
13386546,Không hài lòng,không hài lòng lắm mua 10 cái mà giao có 3 màu toàn trắng và đen,2
13277860,Bình thường,bình thường. size hơi to.,3
3017516,Vải Hôi,Thất vọng. Mở túi ra vải hôi đúng kiểu vải giá rẻ ngoài chợ. Cùng giá tiền này mua của Love Vera chất vải thích hơn rất nhiều.,2
9269673,Bình thường,gói hàng kỹ. giao hàng nhanh,3
8303608,Bình thường,bình thường. không đẹp như mô tả,3
3129467,Không hài lòng,Chỉ mặc ôn mông được lần đầu là lần sau bị giãn ra thêm 1 size  mặc nhiều lần chắc còn giãn tiếp,1
2470267,Mac nhe,"Quan mac ok, thoang, chat lieu cung thoai mai, chi la mau sac thi mua giam gia nen chi dc gui mau sac que que loe loet, dc vai cai mau sac nhe nhang.lan sau jam se mua tiep.",3
2988282,Bình thường,"Vải bình thường à. Ko mịn và mát như mn nhận xét, sờ vô thô ráp.",3
4821425,Không hài lòng,Vải không hút mồ hôi. khó giặc bằng tay. Không nên mua,2
5531261,Bình thường,Con gái sử dụng cung tam duoc,3
19189728,Rất không hài lòng,"Nhầm mẫu, không đẹp! Nhận đại",1
19343744,Rất không hài lòng,Sản phẩm ko giống với hình,1
17801962,Bình thường,Vải mỏng không được đẹp lắm,3
17856591,Rất không hài lòng,"mình đặt 4 set ( mỗi set 10 quần) đều chọn mix màu, nhưng lại gửi 1 bịch toàn màu da, 1 bịch toàn màu đen.
Nhắn tin thì shop xem nhưng ko có phản hồi gì. 
Chất lượng quần thì chỉ ở mức được, nhưng bán hàng kiểu 1 lần rồi thôi. Ko nên mua.",1
10131007,Không hài lòng,chất vải thì ổn. nhưng mình đặt size M (35 -50kg). nhưng giao cho mình cái quần to hơn rất nhìu ( cỡ size L hoặc XL). mình muốn đổi size nhưng nt shop k rep,2
11557334,Rất không hài lòng,"Shop ơi lần này k giao đúng hàng mà toàn màu hồng k vậy shop ơi, nếu k có báo lại e chứ ạ, làm ăn v k đc rồi 
Thất vọng",1
16714814,Không hài lòng,Không đúng với hình ảnh quảng cáo,2
15563473,Bình thường,"Hàng chưa đúng size, chọn 1 size giao nhiều size",3
13410455,Rất không hài lòng,Shop giao sai rồi.tôi mua trộn màu mà shop giao 3 màu là sao.,1
11795243,Rất không hài lòng,đặt rất nhiều tiki lần này bị *** cho 5 cái quần đểu trẻ con,1
10826253,Rất không hài lòng,"Đặt 10 quần mà giao chỉ có 5 quần, lại còn giao sai sản phẩm nữa chứ...",1
9960084,Bình thường,tạm được.... bận thoải mái mà lấy size 50kg rộng quá,3
10479198,Rất không hài lòng,"wrong size, It's not big enough",1
19685053,Bình thường,Giao sai hàng. Không phải áo toàn thân. Yêu cầu trả hàng ạ,3
19820811,Rất không hài lòng,Shop này bán hàng ko có tâm; ko đặt màu xanh rêu mà đi giao màu xanh rêu; mọi người ko nên mua,1
14959015,Rất không hài lòng,"sản phẩm k giống mô tả, hình thì áo toàn thân, còn hàng thì áo ngắn, vải mỏng",1
15110773,Rất không hài lòng,Áo ngắn  không giống hình minh hoạ,1
15110752,Rất không hài lòng,Áo ngắn k giống hình minh hoạ,1
10206287,Không hài lòng,Đường may không xấu.......,2
19664301,Bình thường,Giao sai màu. Giao thành màu đen,3
6913419,Rất không hài lòng,Áo len giặt một lần mà đã bai nhão xù hết cả chán lắm shop ơi ???,1
6888655,Bình thường,chất len mỏng dão phom áo ko đẹp,3
6481042,Bình thường,,3
13498118,Không hài lòng,Hok đúng màu hok giống hinh,2
4284341,Rất không hài lòng,"Chất lượng không tốt, áo nilon",1
15008454,Rất không hài lòng,"Treo đầu dê bán thịt chó(làm ăn ***) 
Hình bán thì đẹp mà giao hàng lại khác.
Đã trả hàng mà cả tháng chưa thấy hoàn tiền",1
3851018,Rất không hài lòng,"k hài lòng giao sai mẫu, sai kiểu",1
2532356,Chất liệu mỏng,"Chất liệu ko đc đẹp lắm, hơi mỏng. Hay nhăn và dễ thành nếp.",3
13710894,Không hài lòng,"Chất liệu nhiều nilon, cứng, không như mong đợi.",2
5389551,Rất không hài lòng,"Bình thường mình mặc đồ chỉ size L, đọc thông số của shop cẩn thận đặt XXL mà khi nhận hàng vẫn thấy chật, ko thoải mái vì áo khoác mình cần rộng rãi. Nhờ đổi lại shop ko hỗ trợ. Tính đặt thêm 1 màu khác mà thôi chia tay",1
5760681,Rất không hài lòng,"Mình mua 2 cái áo, hàng giao chậm mà cái màu đỏ bị lủng lỗ nhỏ sau lưng áo, mẹ mình không kiểm tra kĩ lỡ giặt rồi giờ mới thấy. Mua mấy lần rồi lần này bị vậy.",1
8993907,Bình thường,tạm được mình mặc áo  cở 2xx mà  mình mua tới 3x mà mặc  muốn chật  ép mặc đại chứ biết làm sao bây giờ,3
2496937,mua áo Goking giao áo Blue star,"order áo và đọc nhận xét nên mua thử, mua về giao áo từ cái vỏ đến cái ruột, ko cái nào giống hình chụp dưới comment. như treo đầu dê bán thịt *** vậy",1
11280499,Rất không hài lòng,ok mình rất thích nhưng mình chon sire vừa quá cho nên ko thoải mái bạn ạ,1
6701811,Bình thường,"Size mặc vừa nhưng vải hơi mỏng, thấy mọi người đánh giá tốt nhiều mà sao của mình thấy chưa ưng ý",3
12482266,Rất không hài lòng,xxl 2 xx mà nhỏ bắng L. không tôt,1
12987430,Rất không hài lòng,"Không hài lòng, vải mỏng.",1
5189267,Không hài lòng,"tư vấn số kg tương đương với size áo, nhưng khi nhận áo lại ko vừa, kéo khóa là cái áo ôm người sát rạt.",2
2404779,mong manh,"Áo khoác mà mỏng đến bất ngờ. Áo còn mỏng hơn mấy áo thun ngắn tay mặc nhà, tưởng chừng đưa lên ánh nắng còn thấu qua hơn nửa. Độ bền sẽ đánh giá theo thời gian nhưng thấy mong manh quá",3
8531338,Bình thường,Chất liệu tốt nhưng nón hơi nhỏ không có vành che mặt,3
3826788,Bình thường,"áo mỏng di nhiên là ko nóng rồi, ko thích hợp mặc trời nắng găt. bù lại được tới 6 túi. túi trong có khóa kéo,",3
8619343,Rất không hài lòng,Vải mỏng và xấu. Chất lượng ko phù hợp giá thành,1
2391489,Mới nhận bị rách rồi,"Mở ra mặc thử thấy bị rách chỗ tay áo, chắc may bị lỗi, vải thì mềm, nhưng size này mình mặc bị rộng, tiki có hỗ trợ đổi hàng ko vậy",2
9345252,Bình thường,"Vải mát, màu đẹp nhưng hơi mỏng",3
2262624,kg hài lòng,"vải rất mỏng. kg đáng với 229k. 
vải mỏng như vậy tất nhiên mặc sẽ mát rồi. nhưng ra nắng chẳng che đc cái gì hết. mỏng đến nỗi soi đèn lên thấy luôn cái bóng đèn. hic",1
4954519,Bình thường,Side 4xl  mà nhỏ xiu mặc không vừa so với số cân đã giới thiệu,3
2883216,Không như quảng cáo,"Áo mỏng và xấu, đường may bt, thấy nhiều ngừoi khen nên mới mua mà k thích tí nào",1
3028349,Rất không hài lòng,"Áo kg đúng siz, nhưng bực mình với người giao hàng thối tiền lộn 100k, mình gọi lại liền trả lời kg biết.",1
6908839,Bình thường,Mẫu áo đẹp nhưng vải hơi mỏng nhé!,3
3557997,Rất không hài lòng,Ko hài lòng áo may kiểu thô và xấu quá .chấtl liệu vải tạm đc nv giao hàng tận tinh.vv.ok,1
20221335,Bình thường,"Chất liệu vải ko có giãn nhiều. Cạp ko cao, ko cố định form. Nói chung bthg",3
16720934,Rất không hài lòng,"shop làm ăn gì vậy ..... mua màu da, giao màu hồng là sao ????",1
13146476,Bình thường,"không giống mẫu, màu nhạt hơn",3
11090883,Bình thường,"Áo không giống màu chọn, xanh da trời nhạt, không phải màu xanh dương
Chất áo tạm ổn",3
6275608,Rất không hài lòng,Rất không hài lòng. Hàng ko giống mẫu,1
6872712,Bình thường,,3
5283598,Bình thường,,3
10935323,Rất không hài lòng,"Hôm qua nhận hàng của shop lại giao nhầm mã hàng cho mình, mình đặt là quần có phối ren lại giao nhầm cho mình là quần trơn. Shop vui lòng đổi hàng lại cho mình nhé",1
19664429,Rất không hài lòng,"Độ co giãn kém. Vải xù lông, dễ bám màu, khó giặt tẩy. Không ưng  tí nào. Mong shop  có sản phẩm chất lượng hơn.",1
16891653,Rất không hài lòng,"Để giá 84.000đ giao đến tính 98.000đ
Ko hài lòng",1
15930135,Rất không hài lòng,"Hàng giao không đúng mẫu, đề nghị đổi trả hàng",1
16410084,Không hài lòng,cũng  tạm  được  vải  ko đẹp,2
14407954,Rất không hài lòng,chất lượng k tốt k chất lượng,1
5385282,Bình thường,,3
5208296,Bình thường,,3
2053023,Giao hàng không đúng loại,"5 chiếc 
thì giao 3 chiếc đen. 2 chiếc đen không đúng size . lại còn ko đúng loại. làm ăn trẻ con thế . 
Đầu nằm đã phải nghiệp tụ vành môi. kiểu làm ăn chộp giật. chúc Shop mua may bán đắt ha ?",1
19387318,Không hài lòng,Kiểu áo đầm đã nhận khác từ chất liệu vải cho đến kiểu áo mà shop đăng trên Tiki. Mình đánh giá và bình luận để các bạn lưu ý khi mua.,2
19017666,Bình thường,"Giao nhầm size, không báo trc cho Kh",3
20229146,Rất không hài lòng,"Hàng ko đúng như quảng cáo , hình mẫu tay lửng mà giao tay ngắn , cổ áo ko viền như hình mẫu , vải ko mềm tốt như quảng cáo , đặt bông tím giao bông đỏ",1
16692371,Rất không hài lòng,"Shop ơi tôi đặt áo size XL nhưng to quá, 100 kí mặc cũng được, giờ tôi muốn đổi hàng lại",1
17638067,Không hài lòng,"Màu xấu không như hình, chất lượng kém, nhăn nhàu",2
18211027,Rất không hài lòng,Lần đầu tiên mua hàng trên Tiki. Tôi thấy mình đã sa!... Vì tôi đã mua đc áo Vải Thun ... Cuộc sống ta luôn phải Trả phí cho bài học Cuộc đời. Tôi luôn là k.h của bạn La......da. Vì ở đó Tôi luôn hài lòng!,1
17547007,Rất không hài lòng,"hình ảnh chụp là bán áo nhưng shop lại gửi rẻ lau vậy,phí tiền mua và tiền ship, mọi người không lên mua nha *** đảo.",1
16737114,Bình thường,"Kiểu đẹp mặc hack dáng, tiếc là áo màu xanh đỏ bị ra màu. Nhưng nói chung ok so với tầm giá, lần 1 mua 229k lần sau giảm còn 143k...129k",3
16737107,Bình thường,"Kiểu đẹp mặc hack dáng, tiếc là áo màu xanh đỏ bị ra màu. Nhưng nói chung ok so với tầm giá, lần 1 mua 229k lần sau giảm còn 143k...129k",3
17552630,Rất không hài lòng,"Bình thường nhận xét không nặng lời, nhưng chỗ này đúng *** người, kiểu tìm cách xả hàng đi hết, kiếm được đồng nào hay đồng ấy. 😂😂",1
17359267,Rất không hài lòng,*** đảo: theo đơn hàng là áo màu đỏ đũi thì giao ghẻ lau. *** quá!,1
18046199,Rất không hài lòng,Sao shop làm ăn *** đảo vậy. Mình đặt áo khác mà giao toàn áo cũ rách.,1
17478530,Rất không hài lòng,*** đảo nói áo của Nesa shop mà giao 2 cái thứ gì thế này,1
18046219,Rất không hài lòng,Sao làm ăn *** đảo vậy. Ko giao đúng đồ đặt mà giao toàn đò cũ bỏ đi,1
18211028,Rất không hài lòng,"cs quả lag nhiều điều bất ngờ
..thế mới gọi là xh",1
18237934,Rất không hài lòng,treo đầu dê bán thịt *** ; quá thất vọng,1
18187138,Rất không hài lòng,Xin chào . Shop giao áo không giống như QC,1
14214942,Rất không hài lòng,"giao không đúng mẫu, áo mẫu kiểu chữ a, vạt áo bầu, nhưng lại giao áo suông vạc ngang, quá chán",1
17492178,Rất không hài lòng,"Treo đầu dê bán thịt ***, hàng đểu",1
14214980,Rất không hài lòng,đánh giá giống áo màu trắng . buôn bán mà cứ không đàng hoàng hoài vậy,1
15623255,Cực kì hài lòng,"Chất lượng tạm được, giao hàng chưa được nhanh",2
15623227,Cực kì hài lòng,"Chất lượng tạm được, giao hàng chưa được nhanh",3
16575380,Bình thường,"Áo bị ra màu, không đẹp như hình",3
15671383,Bình thường,"áo rộng so với size
dáng tay dơi",3
15349618,Rất không hài lòng,Không đúng màu đỏ mong muốn,1
14217064,Không hài lòng,Đường may bị lỗi may lai bung,2
17433870,Rất không hài lòng,"(*) Đánh giá không tính điểm
tệ wa k giong sản  pham đang",1
19379376,Rất không hài lòng,Quá tệ. Quần lót nylon không phải cotton . Giao sai cỡ.,1
11163053,Rất không hài lòng,"mình muốn đổi sp này vì mặc lên kg đứng quần , rúm và nh chỉ thừa , kg giống như quảng cáo.",1
7436226,Không hài lòng,"giá tiền k xứng với hàng,  quản k hẳn là màu đen mà là màu xanh đen,  nhiều chỉ thừa,  vải nát lắm",2
8762116,Bình thường,"Vải ko được đẹp, phần mông ko được ôm",3
8849944,Rất không hài lòng,Size S mà to quá ........,1
8171308,Bình thường,,3
3066922,sp cực kì tệ,"mọi người không nên mua.
1. mỏng cực kì
2. may bị lỗ bên to bên nhỏ
3. bị rách lưng quần
Nếu không vì lịch đi dày đặc, mình đã k mua sp trên về.",1
3005730,Rất không hài lòng,"chất lượng rất kém. túi 5 cái size bé tí, ko dùng đc cái nào. rất thất vọng",1
2966103,Rất không hài lòng,"San pham qua kem, mong, Duong vien bong troc, la quan baby ma khong noi ro.",1
3077990,kém,rất kém tệ hại ko còn gì để tả .....................,1
19269357,Bình thường,"Chất vải, giá ổn nhưng mình đặt 1 set trộn màu tbif đúng còn đặt 1 set màu da lại gửi màu đen",3
19272816,Rất không hài lòng,"Đặt mầu da, đưa các mầu, hàng thì ko được đổi trả, thiệt thòi cho ngừoi mua",1
18003930,Rất không hài lòng,"Bị khùng hay gì, 3 lần rồi đó, đúng kiểu giỡn mặt vs kh",1
2848420,Rất bức xúc,Mình đặt set 10 quần. Tính luôn cả ship 164.000. Shop giao hàng trong đó chỉ 1 quần. 164.000/1 quần. shop làm ăn thế này khác nào *** đảo ạ. Mong shop hay Tiki phản hồi giúp mình. Chứ thế này thì sau này ai dám đặt hàng nữa. Mất hết lòng tin,1
18792315,Rất không hài lòng,Giao hàng k đúng hình đăng bán,1
18003900,Rất không hài lòng,"Đặt M giao Size L, mặc qq gì được coa bị khùng k",1
2848687,*** đảo,tại sao đăng thì là 10 cái mà khi nhận lại chỉ nhận được 1 cái mà vẫn giá 145k ??? shop làm ăn kiểu gì đấy?????  đề nghị Tiki vào làm rõ việc này. và người mua hàng nên để ý tránh bị *** đảo!!!!!!!,1
15777808,Rất không hài lòng,Mua màu da giao màu lá chuối shop dở,1
6190184,Không hài lòng,mình đặt hàng 10 cái nhưng shop chỉ giao có 9 cái. thật sự mình k hài lòng vì điều này. phí vận chuyển cao nhưng lại vận chuyển lâu,2
14694028,Bình thường,"phù hợp với giá tiền, xài ổn",3
2680424,SIZE KHÔNG CHUẨN,"Mình 54kg mua size L mà mặc quá rộng, kể cả mẹ mình nếu mặc cũng rộng. Tiki lại không có chính sách đổi trả đối với đồ lót thành ra mua về bỏ không. Lần sau không mua đồ lót trên tiki nữa.",1
2876424,Không ai chọn mua 1 cái quần mà luôn phi ship 154 nghìn cả shop nha coi lại cách làm ăn buôn bán nha,Bán 1 lời 10 hay gì vậy shop để set 10 cái mà giao 1 cái giá 145 nghìn 1 quần hả ai mà mua nhận hàng vậy tức không,1
2876557,RẤT RẤT TỆ,"Quần không có gì tốt
Để trên web là combo 10 cái nhưng khi giao thì nói là 1 cái tốt bằng 10 cái
Chất vải thô và xấu
RẤT RẤTx1000000 chữ tệ",1
7625398,Rất không hài lòng,"Hàng size XL 55 kg mà mặc ko vừa, đổi thì ko hỗ trợ, cuối cùng mua về bỏ",1
8619468,Rất không hài lòng,mua 10 cái gửi 9 cái là sao? làm ăn kiểu trẻ con không bền,1
2843168,set 10 cái hay 1 cái?,"thấy tiêu đề ghi là 1 set 10 cái quần, nhưng hnay mình nhận hàng thấy có 1 cái???????????
tiki *** người mua à?",1
6051728,Rất không hài lòng,Mình nhận hàng ko cùng size,1
2742638,Rất không hài lòng,Mua size M nhưng hình như giao free size. Shop làm ăn gì kỳ cục ?,1
2856457,Bình thường,mình đặt 1 set 10 cái mà shop chỉ giao 1 cái tính tiền 10 cái là sao ạ?,3
4408098,Rất không hài lòng,quá to so với kg,1
3568061,Bình thường,quan moi mac nuoc đầu giat thay giãn.,3
4864944,Rất không hài lòng,,1
4297207,Không hài lòng,,2
3643597,Ko thật sự hài lòng,"Thấy mn review áo tốt nên mìn đặt mua, ngoài chất liệu da cá khá ok thì kiểu dáng khá xấu! Thường thì áo khoác phần  bo phía dưới áo sẽ hơi nhỏ hơn phần thân áo 1 xíu để giữ dáng form áo, áo này thì phần bo áo phía dứoi lại to hơn thân áo nên mặc lên nhìn xấu, giống như kiểu quần ống loe vậy, mặc vào nhìn như áo mặc lâu và bị giãn vải ra. Phần thân áo phía sau bị dính dính chất bẩn giặt ko ra, dùng bàn chải chà mạnh cũng không ra, chỉ ra màu chỗ chà! Bỏ ra 346k để mua áo này mình thấy ko thật sự xứng đáng với giá trị, 346k là bao gồm phí ship 14k, chẳng hiểu thế nào trong khi mua hàng Tiki cứ 250k là free ship",2
2958958,Bình thường,"Vải đẹp nhưng đường may thưa, xấu, vải lót túi mỏng như giấy, bỏ chìa khóa 2 lần là đảm bảo lủng luôn. Tui còn chưa kể việc đặt hàng xong giá lên tự động hủy đơn hàng nữa, vì cần nên phải đặt lại giá cao. Rút kinh nghiệm Ko trả trước cho Tiki, đợi giao, xem hàng mới thanh toán.",3
2774075,Bình thường,Áo đẹp nhưng có cái không thấy đẹp trong catalogue của GOKING lại in giá 350k cho size 10/12/14 mà nâng tiki nâng giá lên 499k rồi giảm sâu 37% còn 315k.,3
16882764,Bình thường,"Tôi 42 kg, chọn size 1 nhưng mặc hơi chật, tôi có thể đổi size 2 như thế nào ạ",3
19503876,Bình thường,Shop giao ko đúng mẫu. Chọn set màu da nhưng shop giao trộn màu :(,3
19271925,Rất không hài lòng,"Đặt 5 đen, 5 da mà giao gì vậy shop",1
19271947,Rất không hài lòng,"Đặt 5đen, 5 da mà shop giao đủ màu. Không xem khách đặt gì hả shop",1
18429430,Rất không hài lòng,Đặt 5da 5 đen mà giao 10 đen,1
20108599,Không hài lòng,"Giao không đúng mẫu mã sản phẩm,không uy tín!",2
14062107,Rất không hài lòng,Giao hàng thi một mầu Trắng duy nhât. Con k cả cho đôi vớ Nư như quảng cáo. Tiki để cho nhà cung cấp sản phẩm qua tệ . Noi k đi đôi vơi hành động. Moi ngươi mua hàng trên tiki phải hết sức chú ý nhé. K tiki dung túng cho nhà cung câp sản phẩm làm loạn,1
12876201,Rất không hài lòng,"mua 2 hộp mà giao có 1 hộp à,mà vẫn tính tiền 2 hộp nha",1
13625082,Bình thường,"Bình thường ,trùng màu , ko giúp hình chụp",3
13586673,Rất không hài lòng,ko đúng màu như trong hộp quảng cáo. tệ.,1
13579735,Không hài lòng,hàng không chất lượng như mong muốn,2
2423338,áo xấu chưa từng thấy,"đặt mua 2 áo,cùng size M,nó giao 2size trên trời,ko vừa được áo nào.Đúng theo kiểu treo đầu dê bán thịt chó,kê giá cho cao rùi hạ xuống,thật hối hận khi mua sản phẩm này.Áo còn thua hàng 3ao 100k.Một trang bán hàng TIKI mà bán những sp như thế này mất hết uy tín và chất lượng.Tôi ko bao giờ muốn mua quần áo trên mạng nữa",1
2510374,Rất không hài lòng,"Áo quá xấu, size quá nhỏ so với thực tế, size L mà ko bằng size S. Hàng shop mà ko bằng hàng chợ. Đưa giá trên trời. Không nên mua của shop này. Lần sau có bán nên đưa hình thật của sản phẩm, ko nên chỉnh sửa nhiều nhé, tránh khách hàng mua rồi trả lại, tội nghiệp người giao hàng.",1
2391884,Tiki cho mình trả hàng ạ,"Áo mai đường chỉ nhăn nhúm không thể mặc được ạ
Màu sắc khác với hình 
Mình có kèm ảnh áo thật nhận được 19/9/2019",2
2415642,"chất lượng tệ ko giống lần trước, mua 1 rồi thấy được nên mua thêm 3 màu nữa thì ko giống chút nào , có trả lại được ko Tiki, mình muốn gửi lại mua sản phẩm khác Tiki ơi","chất lượng tệ ko giống lần trước, mua 1 rồi thấy được nên mua thêm 3 màu nữa thì ko giống chút nào , có trả lại được ko Tiki, mình muốn gửi lại mua sản phẩm khác Tiki ơi",1
2416490,Không hài lòng,"Tôi mua 2 Áo XXL sao giao áo nhỏ xíu  vậy shop, nhỏ hơn cái L nữa , đổi cái khác đc khg",2
2431576,Qua,"Đặt 3c S,nhận được 3c 3sz luôn, cái màu trắng chồng mình mặc thử còn rộng :)). Chất liệu vải và may quá tệ, tưởng đồ chợ. Đề nghị Tiki xem lại",1
2455195,SOS,"Sản phẩm dơ,bẩn,không đúng size. Size M mà 70kg mặc vẫn vừa. Sản phẩm không tem nhãn,không rõ nguồn gốc và xuất xứ. Nhìn rất giống hàng 2hand. Khuyến cáo mọi người không nên mua!",1
2432338,xấu bà cố,áo này như vải xô ngoài chợ lấy sỉ 18k/c ko biet dc ko.thất vọng ko như hình.đặt size s giao áo ko thấy size đâu bự chà bá sao mặt vừa.vậy mà để giá 318k giảm giá chứ.,1
2378857,Xấu - vải kém - màu ko như hình,"Vải giống loại thun bóng hay may ga giường, chãy, màu sắc ko tươi. Được cái vải mỏng thì mát so với mấy loại áo 49-50k bán trên ***. Giặt xong nó bèo nhèo. Chắc mặc 1 tháng sẽ bỏ vì cũ lắm",1
2425250,Rất không hài lòng,"áo xấu, mua size M mà thành xxl. vải mỏng, nhàu nhĩ, đường may dúm dó. quá tệ. mình trung thành với tiki lâu rùi nên tin tưởng. ai dè treo đầu dê bán thịt ***. đừng mua nhé mọi người.",1
2417917,Rất không hài lòng,Lân cuối cùng mua hàng của bọ tiki bọn *** đảo áo này có 20 k ko ai thèm mua *** đẩy giá 300 k đúng là bọn *** đảo chỉ *** đc lần thôi .,1
2393992,"xấu,tệ","Chưa bao giờ thấy áo nào tệ như áo này, size s mà như XXL. áo không tem nhãn mác gì cả, thật không hiểu nổi áo như vậy mà TIki cũng đóng gói, giao hàng cho khách. Thật thất vọng",1
2564070,Không hài lòng,mh đặt 2 cái giao màu giống nhau. mặc ra sợi bông. dính vào miệng khó chịu. chỉ dc chất vải nhẹ nhưng giặt vài lần rão ngay,2
2406427,Không hài lòng,"Áo ko khác gì hàng chợ giá rẻ. Thun mỏg te. Màu nhạt bớt và chữ in khi giặt lần đầu cho sạch đã rạn, mờ tùm lum. Nói chug hàg ko hề đúg với quảng cáo. Mất niềm tin quá!",2
2380200,Rất không hài lòng,"nếu sản phẩm này ngoài chợ giá 20k kg ai mua, cái này ng ta thường gọi là "" treo đầu dê bán thịt *** "" à mà là thịt *** thối mới là diễn tả đúng nghĩa cho kiểu làm ăn này.",1
2449512,Rất không hài lòng,"Tui cũng đồng cảnh ngộ, mua màu xanh dương giao màu xanh lá, vải mỏng tanh, giặt xong lem màu thấy ghê, treo đầu dê bán thịt chuột.",1
2437209,Rất không hài lòng,"Hàng thấy gớm, đặt 2 cái sz XL mà giao 1 cái trắng thì xxl còn màu ruốc thì sz S
Vải thì như nùi lau í ? nói chung mình sẽ rút kinh nghiệm với trang bán hàng này",1
2413730,Rất không hài lòng,"Áo bị lỗi không giống với như hình chất lượng kém còn kém hơn so với hàng chợ , nếu ai có ý định mua sp này thì nên dừng lại không thì thất vọng lắm !",1
2701053,áo thun nữ sleelpess,áo mỏng giản. from áo người lớn. vai áo trẻ con mặc không được luôn. mua xong nhà có thêm ghẻ mới. không tưởng nổi áo vậy cũng bán,1
2424828,Không hài lòng,áo nó bị may lỗi đó shop. nhưng mà sẽ mua một cái nữa vì thik chất vải. xin shop đừng gửi áo lỗi cho e,2
2453475,Quá tệ.,Photo shop quá đà. Nhận hàng nói thật thua dẻ lau nhà. Kiểu như *** đảo. Tiki cần kiểm tra nguồn cung cấp uy tín một chút đi. Chán,1
3172485,Áo thun,Đây là lần đầu tiên thất vọng khi mua hàng tiki. Mua về không dám mặt (thậm chí ở nhà).,1
2433831,Không hài lòng,đặt 2 cái xxl mà giao 1 cái vừa. 1 cái quá nhỏ như áo em bé vậy. ở nhà ko có trẻ nhỏ phải cho hàng xóm  thôi. thật không hài lòng,2
2848900,hàng bị lủng lổ,Lần đầu tiên mình mua hàng gặp trường hợp như thế này hàng không có tem mác mà còn bị lủng lỗ nữa,1
2417111,Rất không hài lòng,"Hàng giống hình cái chữ. Còn vải nhẽo nhèo nhèo mặc không lên dáng chút nào cả.  Nói chung xấu.  Vải xấu,  Không giống hình",1
2425125,Áo quá nhỏ,Size M nhưng áo quá nhỏ không thể mặc vừa. Tiki xem có thể đổi lại cho mình không?,1
2510505,Không hài lòng,"mình đặt 4 áo,3 cái cùng 1 hiệu thì ok,cái còn lại sai s thì khác hiệu,pom thì bé xíu chắc e be 7 tuổi mặc vừa",2
2421829,hàng kém chất lượng,"hàng quá chán sẽ ko bao giờ quay lại  ,bán hàng kiểu treo đầu dê ván tgitj cgos",1
2438518,Rất không hài lòng,"Áo chọn size S nhưng nhận áo về ko có size, áo rộng như size XXL, vải như giẻ, ko bằng áo 100K/3 cái ngoài chợ",1
3360489,Không hài lòng,với giá này thì không có ý kiến gì nhiều tuy vải hơi mỏng,2
2507565,Rất không hài lòng,"Áo rất xấu , đặt 3 áo giao không đúng như yêu cầu khác hoàn toàn .
Shop bán hang rất tệ .",1
2417929,"phản hồi mua 2 áo thun nữ size XXL mà giao áo không có ghi sz áo như áo em bé sao mặc được,đề nghị shop kiểm tra lại",đặt size XXL mà giao 2c sai gì không biết áo như em bé mặt làm sao được tiki làm việc gì kỳ vậy,1
2427412,Rất không hài lòng,"sản phẩm rất tệ,vải xấu và ko giao đúng kích cỡ đặt.",1
3377503,Rất không hài lòng,Áo người lớn mà đem về trẻ con mặc vừa,1
2438135,Mua về bỏ,"Mua 2 cái cùng size đây, chất liệu vải thì khỏi nói..",1
3026082,Rất không hài lòng,"Áo ko chuẩn size vai hẹp mặc xấu
Nói chung ko hài lòng",1
2510852,Rất không hài lòng,áo vải ko tốt mua về 2 ngày đổ lông rất dễ rách ở trước nhưng mặt còn nóng,1
2424370,Không hài lòng,vải như giẻ lau. chất lượng quá kém . thất vọng về tiki . ko bao giờ mua trên này nữa,2
2372508,Rất không hài lòng,Rất rất tệ. Hối hận khi mua. Chưa lần nào mua hàng trên Tiki mà thất vọng như lần này!!!,1
3056026,Rất không hài lòng,Thun xấu quá.in hình áo ko giống hình dat nua ??,1
2419357,Rất không hài lòng,hàng quá tệ ... áo size xxl mà nhỏ xíu cho bé 6 tuổi mặc còn chậc . quá thất vọng,1
2371018,Rất không hài lòng,"Không đúng mẫu, thun xấu, y như hàng chợ. Đúng là tiền nào của nấy.Cân nhắc khi mua",1
2380269,Áo màu ruốc,Sản phẩm quá tệ..bán hành nên uy tín nhé TiKi...sẽ ko bao giờ mua nhãn hàng này niwax,1
4660858,Bình thường,,3
2758020,Ko hài lòng,"Vải quá mỏng, chất lượng và kiểu dáng không như hình",1
2681698,Rất không hài lòng,mua áo người lớn xxl mà về trẻ e mặc còn ko dc buồn ghê,1
3209955,Bình thường,Size áo quá nhỏ. Chất liệu ổn,3
2431963,Rất không hài lòng,"Thật sự là áo rất xấu. Vải mỏng , đường may xấu, kiểu dáng xấu ?",1
2503062,Rất không hài lòng,mặc được 2 lần vải xù hết lên.nói chung ko như quảng cáo.,1
2397190,Áo quá tệ,"Vải thun nhàu, mỏng giống như nùi giẻ. Vậy mà Tiki cũng cho bán",1
2428537,Không đáng tiền,"Muốn mua về làm giẻ lau thì cứ việc mua, nhìn mà bực mình",1
2444697,Rất không hài lòng,mua 3 áo size M .giao 3 size khác nhau.xấu hơn mua ngoài chợ .,1
2431003,Rất không hài lòng,Shop *** đảo áo như dẻ rách mà chụp hình lung linh,1
2430729,Xấu tệ,"áo mỏng, xấu, giao sai size,, nói chung ko nên mua",1
3648339,Rất không hài lòng,"Rất dễ gây dị ứng, miếng dán cứng lên cũng dễ lộ.",1
20184619,Rất không hài lòng,Giao áo ko đúng mẫu va chất lượng xấu,1
19187578,Rất không hài lòng,Chất liệu vải qua tệ. Mặc dù giá tiền kg rẻ. Kg giống hình mẫu,1
17769801,Không hài lòng,Màu sắc ổn nhưng lưng quần không phải lưng thun mà may viền trực tiếp. Vòng 3 to nên không thể kéo lên được.,2
18864438,Rất không hài lòng,"Cúp cứng. Size tư vấn trên app ko đúng.
Còn tem nhãn đầy đủ mà ko cho trả, cũng ko cho đổi qua loại khác.",1
12302176,Rất không hài lòng,treo đầu dê bán thịt *** trên hình thì nhìn rất đẹp nhưng khi nhận hàng rất rất xấu. mọi người k nên mua. đặt màu xanh thì lại giao màu  nõn chuối. rất bực mình cạch mặt luôn,1
16965288,Rất không hài lòng,Shop làm ăn không uy tín nè! Để mẫu màu  xanh ngọc bích vây mà lại giao màu xanh đọt chuối,1
12352075,Rất không hài lòng,"Bán 1 kiểu, rao 1 kiểu! Áo mùi hôi khủng khiếp! Phải nói là thất vọng",1
12375249,Rất không hài lòng,Giao hàng không đúng mẫu làm ăn mất uy tín,1
12423530,Bình thường,giống màu . mà không giống màu lót trong. chụp thì thấy lót vải sọc.khi nhận thấy lót màu trắng chất nilong,3
12353756,Rất không hài lòng,hàng giao ko đúng   chất lượng kém,1
13493813,Không hài lòng,giao  hàn  nhanh mà áo giống áo trong hình mẫu chỉ có mua xanh ngọc ko có kiểu như hình mẫu,2
17149389,Không hài lòng,Vải hk ok cho lắm quá mỏng,2
14145556,Không hài lòng,áo gửi  HK dung  Mau Ma HK  dung  mau,2
12271803,Rất không hài lòng,"treo đầu dê ván thịt ***
đặt áo nữ màu hồng
lại gửi áo nam màu đỏ
quá tệ",1
12447092,Rất không hài lòng,"Sản phẩm quá tệ, màu không giống hình, áo nữ mà to như áo nam",1
15123438,Bình thường,áo mỏng ko ưng cho lắm ạ.,3
13607301,Không hài lòng,áo k giống màu trong ảnh. màu nhạt quá,2
13691130,Rất không hài lòng,ko đúng màu và quá xấu. k hài lòng,1
14055720,Rất không hài lòng,san phẩm màu ko giông như hình,1
12779920,Rất không hài lòng,hàng ko giống như hình xấu.màu ko giống,1
12359694,Rất không hài lòng,Đặt màu này giao màu khác giao hàng thì chậm,1
13749128,Bình thường,rất ok màu sắc  cũng  đẹp,3
12828586,Bình thường,mặc ngoài giống . mặc trong HK giống,3
12008015,Rất không hài lòng,áo không giống trong hình nên mình rất thất vọng,1
12263606,Rất không hài lòng,gửi sai màu. màu xanh thanh màu vàng nhạt,1
12464787,Rất không hài lòng,không Như hình ảnh chất lượng kém,1
13139075,Rất không hài lòng,to như cái thúng vậy trời,1
12350762,Rất không hài lòng,áo không giống hình..tạm được,1
12597035,Bình thường,Giao Hàng Nhanh nhưng áo bự quá,3
12798774,Rất không hài lòng,"Ảnh 1 đằng áo 1 nẻo, chán",1
11666124,Rất không hài lòng,hàng quá vừa túi tiền bỏ ra,1
19060083,Không hài lòng,"Đúnglaf áo côtn nhưng nhà sản xuât đã không xử lý sợi trước khi may, áo mua xl nhưng đem về giặt xong co rút chỉ như ám m, đành bỏ không mặc được. Áo mua ở chợ chưa bao giờ gặp tình trạng này",2
19189562,Rất không hài lòng,"Mua sp, mặc ko vừa, nt NCC hỏi thăm đổi hàng nhưng NCC lại chuyển lại cho Tiki.
Thấy Tiki gởi email thông báo nhưng đến giờ vẫn ko ai hỏi thăm để tìm hướng xử lý.",1
16613002,Bình thường,"Đồ bơi tạm được, chất liệu vải không dày lắm, chỉ không hài lòng nhất là trong mô tả sản phẩm ghi là trắng - xanh đậm mà lúc nhận là trắng đen",3
17319353,Rất không hài lòng,Hàng quá nhỏ so với mô tả ko vừa,1
16788847,Không hài lòng,"Mua size L mà sao bé xíu, xin đổi lại",2
5607943,Không hài lòng,form áo và chất liệu chưa hài lòng,2
8913792,Bình thường,,3
2778612,Rất không hài lòng,"Váy đẹp *** ok, nhưng rất là bực vì shop làm ăn hk có tâm, chiếc váy trắng bị vết bẩn to đùng ở phía trước và phía sau lưng không thể nói là không nhìn thấy nên giao cho k dc, có bị đuôi cũng thấy mờ mờ chứ làm ăn v đó, sáng ra tính mặc mà thấy váy 155k bị dính bẩn đứng giặc 15p mà nó vẫn còn mờ mờ không hết đc. Hk hiểu shop cố tình giao hay là làm ăn hk có tâm.",1
3030121,Bình thường,"Áo giống hình, vải hơi mỏng, nhỏ người mặc lên dáng cũng khá ổn. Chỉ có điều chỉ thừa ở đường may nhiều. Áo của mình có dính một vết bẩn nhỏ ở ngay trước ngực, giặt mãi mới mờ đi.",3
5190516,Bình thường,,3
3901704,Không hài lòng,,2
8868760,Bình thường,"rộng, from k giống hình lắm",3
3203855,Bình thường,mua cỡ S mà to quá. tưởng cỡ M. phải bóp bớt bụng mới mặc được,3
2888344,Chân váy màu k giống hình đăng bán,Mình lấy màu cam sáng vậy mà giờ nhận đc lại là màu cam đất tối,2
2375695,Tạm được,"Hàng không long lanh như trên ảnh.
Vải bình thường, với giá tiền này thì hơi đắt một chút",3
4634167,Không hài lòng,,2
3986047,Không hài lòng,,2
19719361,Bình thường,"Sản phẩm đúng kiểu dáng, đúng size nhưng khác màu. Ghi tên sản phẩm là xanh đen nhưng lại giao áo màu đen mà không hỏi ý khách hàng có đồng ý thay đổi màu hay không.",3
8013306,Bình thường,"mình vừa nhận hàng, chất lượng thun coton tạm ổn, tuy chất ko dày dặn lắm. Nhưng mình đặt size L shop giao size M. Mong Tiki và shop đổi hàng giúp.",3
8680879,Rất không hài lòng,"mình vừa nhận hàng liền mở ra kiểm tra luôn.số lượng không đủ,chỉ có 9 cái như hình.",1
16418988,Không hài lòng,tạm ổn thôi chứ đường may ko đpej lắm,2
8044111,Bình thường,"mình 40kg mua size s, cảm thấy rộng, phải bóp lại eo và cổ mới mang đc.",3
6922568,Rất không hài lòng,Sp bi loi. Toi muon tra lai hag,1
12424642,Bình thường,hàng kém chất lượng .. màu sắc,3
14017759,Rất không hài lòng,"Yêu cầu trả hàng, không đúng mẫu, phom ống quần nhỏ như chân mầm non lớp 4 mới xỏ được. Trong khi mình đã mua hàng của aaa trước đó 4 cái rồi",1
6767769,Rất không hài lòng,"ad xem lại Giúp đặt đơn hàng quần Jean Lưng Cao AAA Jeans- Đen- 26
lại giao Xám - 28. 
ko hiểu.",1
14484960,Bình thường,"lưng quần nhỏ, không giãn, mặc không vừa. shop hỗ trợ đổi lại giúp mình",3
14377941,Bình thường,"chất liệu vải co giãn kg được nhiều ,mặc thấy nóng ,màu thì ưng ý",3
14488839,Bình thường,lưng quần ko giãn nên mặc ko vừa. shop đổi lại giúp ạ,3
10881058,Bình thường,Màu không đẹp bằng trên hình. Phom mua theo hướng dẫn nhưng bị chật không mặc được,3
14537168,Bình thường,đẹp lắm mặc tôn dáng moi nguoi nen mua,3
14628457,Rất không hài lòng,"quần bị chật, sh đổi cho mình nhé",1
10186336,Rất không hài lòng,"Rất tệ, giặt hơn 10 lần vẫn còn mùi trứng thối nồng nặc. Ko biết nhuộm bằng gì",1
13456635,Rất không hài lòng,mua 2 cái 1 size mà 1 cái k mặc vừa. k hài lòng,1
13470864,Hài lòng,"Không có hợp như đã xem các review, buồn",3
14234688,Bình thường,Size ko đúng chuẩn size châu Á.,3
10083461,Không hài lòng,ko ghi kích cỡ sz kg cho người mua nên khi mua bị mặc chật sz27 48kg .vớ vẩn,2
13564954,Không hài lòng,binh thuong sp thi mui hơi khó chịu,2
13456666,Hài lòng,"size k đúng , 2 cái khác size",1
4794530,Bình thường,"Mình  cai 1m64, nặng 60kg mà mặc size 31 mà lưng quần bị rộng. Phai bóp eo mới mặc dc. Nhìn chung cũng tạm được.",3
11094489,Rất không hài lòng,"đặt 3 cái có 1 bị lỗi, rách đường chỉ",1
12772643,Không hài lòng,"Vải hơi cứng, form không đẹp như hình",2
4322033,Bình thường,xl mà nhỏ xíu. tất cả còn lại OK.,3
13600498,Bình thường,.                               .,3
20194918,Rất không hài lòng,"Hình minh hoạ 1 đằng, mẫu áo giao 1 nẻo",1
19299459,Bình thường,Sp phù hợp với giá tiền. Chất liệu mình k ưng lấy size L rồi vẫn chật mặc k thoải mái,3
19340363,Bình thường,"Áo và quần nhỏ xíu như là cho con nít 10 tuổi mặc. 
Chất vải và kiểu dáng thì okay.",3
16937048,Rất không hài lòng,"xấu đến bất ngờ, vải không phải để được gọi là đồ bơi",1
19627993,Không hài lòng,không đúng size theo mô tả,2
19288832,Cực kì hài lòng,"Vải ko được chống nước, nói chung ko ưng ý lắm",3
17990808,Bình thường,Đồ bơi quá bé chỉ dành e bé 30-35í thi được mình lấy size L 48k chẳng vào đâu 😢,3
9042538,Rất không hài lòng,"Size L mà chỉ nhỉnh hơn cái áo của thằng con 1 tuổi của mình 1 tý . Chất vải mỏng nhăn nhúm .
Giá rẻ nhưng vẫn thấy phí tiền .",1
8675488,Không hài lòng,"Chất vải không giống mô tả. Không phải thun lạnh 4 chiều thường để may đồ bơi mà là thun bình thường, rất dễ bị xước.",2
16617339,Rất không hài lòng,"hàng chất lượng kém , size L mà còn gái 40kg mặc vừa",1
16594577,Rất không hài lòng,Kg ok chut nao mua 60kg mà giao 30kg.kg hài lòng chut nào,1
16265180,Bình thường,Sản phẩm tương xứng giá tiền. Nên mua lớn hơn 1 size.,3
16434443,Rất không hài lòng,tôi bị chật không biết có đổi lại được khokng,3
16511509,Rất không hài lòng,"Không hài lòng vì chất xấu, size L mà nhỏ tí ti,",1
17087203,Bình thường,sz hơi nhỏ. Chất thun cũng ok,3
16540262,Bình thường,"vải ko đẹp, giao hàng nhanh",3
3681515,Quá tệ!,"Sản phẩm không giống mô tả, hàng kém chất lượng, tệ hơn đồ chợ. Vải thun mỏng, may cẩu thả.",2
9856767,Rất không hài lòng,"sản phẩm tệ, vải xấu, tư vấn k đúng. size L 58 kg mặc chật ních",1
8281121,Rất không hài lòng,"Đặt size lớn (L) nhưng thực tế nhận được quá nhỏ, như đồ tắm của trẻ con",1
11509484,Không hài lòng,sp cũng được nhưng size k phù hợp với cách tính,2
5254698,Không hài lòng,"Size quá nhỏ, tôi 50kg cao 1m52 đặt size L mà mặc không vô, vải lại không co giãn mấy, không phải vải tốt",2
9433297,Bình thường,Quần áo hơi chật :( Mặc lên hơi bí và dễ tuột,3
10535207,Cực kì hài lòng,Mẫu ổn. Vải cứng. Hdbdhbdbshshhshshs,3
9266911,Không hài lòng,không đúng size chất lượng vải khg ok,2
8196240,Rất không hài lòng,"Chất lượng quá kém, sẽ không bao giờ mua lại",1
5312909,Không hài lòng,Như quần áo thun mặc bình thường. Ko phải chất liệu để mặc đi bơi,2
7377419,Không hài lòng,Áo rat chật phần vai và ngực,2
6064019,Bình thường,"chất liệu ok, size nhỏ hơn bình thường.",3
3091576,Không hài lòng,phom không giống như hình. vải tạm được. chưa hài lòng,2
10340858,Không hài lòng,ko hài lòng.  màu ko đúng,2
8125765,Bình thường,Áo đẹp lắm mới người ơi.Rất ứng ý luôn.mặc mát lắm vừa phom luon.vận động thoải mái.thật đáng tiền mình bỏ ra luôn.chúc spop ngày càng đông khách.cho 5 sao luon.,3
13911082,Rất không hài lòng,vải mỏng. giá mắc so với chất liệu,1
10340804,Rất không hài lòng,qua te. không hai lòng ti nao,1
2906863,Không hài lòng,vải như áo mưa cứng đơ giá như thế mắc hơn ngoài chợ nhiều 2 lần mua 2 lần k ưng ý,2
7258630,Bình thường,,3
3091564,Bình thường,cũng đuợc. giáo hàng nhanh. gói cẩn thận,3
2633692,Rất không hài lòng,"được tư vấn size L nhưng mặc bị chật  mông ,  muốn đổi lại",1
2756564,Bình thường,"Vải mỏng, mát nhưng phom áo ngắn khó mặc đồ, ?????",3
3783999,Bình thường,,3
2759966,Không hài lòng,ao mau lot hok goig trog hih fom rog cho ko om nhu shop noi vai tho cung ko co gian j het lan dau mua o tiki wa that vog,2
19021820,Bình thường,mua quần có túi mà giao o có túi .,3
4021592,không hài lòng,giao hàng không đúng mẫu.  quảng cáo là  có  túi  mà  nhận  hàng  thì  trơn không  túi,1
18860689,Bình thường,chân váy dáng đẹp nhưng bị  ngắn chưa tới gói chứ không có dài qua gối như trong hình,3
20082572,Rất không hài lòng,Ta nói ... xxl mà bạn tui size s mặc chỉ hơi rộng. Mà ngườ nó bằng nửa người tui!!! Xxl của mí ngừi theo form người tí hon hả???,1
13684754,Bình thường,Quần bận rất thích Nhà mua cái thứ 2 rồi,3
10199373,Bình thường,"Vải thô, không mềm mại như tưởng tượng",3
10199236,Bình thường,"Vải thô cứng, không được mềm mại",3
8758243,Không hài lòng,"Vải cứng , giá thì cao khong hai lòng",2
8612969,Bình thường,"Bình thường, không đẹp...",3
16784340,Bình thường,"Giao hàng nhanh, đóng gói cẩn thận, tuy nhiên vải không co giản, khi mua nhớ tăng thêm  1 size trừ hao",3
17666035,Rất không hài lòng,"Không thun co giãn, kích thước không chính xác",1
4314564,Bình thường,,3
3935102,Rất không hài lòng,,1
3315760,Rất không hài lòng,"Giao sản phẩm không đúng hình không chỉ 1 mà tận 2 lần??? Lần 1 giao sản phẩm không giống hình mình đã yêu cầu đổi mới, nhưng qua lần 2 khi nhận hàng vẫn y chang lần 1. Thực sự quá thất vọng.",1
2732190,Áo có mùi hôi,"Đã nhận được áo chiều nay, chất lượng áo không có vấn đề, nhưng áo có mùi hôi cực kì khó chịu! 
Shop hay xem xét lại vấn đề này nhé...",3
4026714,Bình thường,Mình 47kg cao 1m6 cảm thấy size M hơi bé và ngắn,3
3008325,Túi áo không có dây kéo,Túi áo không có dây kéo. Khác hình. Vải tạm chấp nhận được,3
4794535,Bình thường,,3
3658777,Bình thường,,3
2588024,nhận không đủ số lượng,sao mình thấy combo 5 cái mà khi mình nhận được chỉ nhận được có 4 cái vậy shop?,3
2149742,Không hài lòng,Hàng khác xa với hình. Bảo lọt khe. Mua cho vợ về hắn bảo mình này là quần đúc thôi. Lọt chỗ nào. Chán shop vc.,2
19559205,Rất không hài lòng,Đổi size đc k shop rộng quá,1
3104554,Rất không hài lòng,mua 3 cai mau sang di giao 3 cai mau toi ko nhu hinh lm an nhu day sao dambtin tuongvma mua,1
14423204,Bình thường,áo khá ổn nhưng có chút chậc so với mình. không đc như mong đợi lắm,3
14475501,Rất không hài lòng,Sao mà hình một đường áo giao một nẻo vậy😔,1
13716371,Hài lòng,Đặc áo màu này shop giao hàng màu khác,2
14482396,Rất không hài lòng,màu k giống. sản phẩm quá quá kém,1
13722326,Bình thường,"hàng hoá đúng mô tả, hài lòng",3
4443167,Rất không hài lòng,Hà thích chất liệu vải. Đường may chưa đẹp.,1
5838575,Bình thường,,3
9039754,Bình thường,"Vải thô, form không đẹp như mẫu mặc. Mua giá khuyến mãi mình còn thấy tiếc tiền, với giá gốc 180k thì đắc lắm.",3
9343475,Bình thường,"Màu sắc ko được giống hình lắm. Chất liệu vải tạm được, nhưng khá giống poly. Hy vọng mặc mát",3
9223909,Rất không hài lòng,Sản phẩm không giống như quảng cáo và trên hình,1
7182367,Bình thường,đặt màu hồng shop giao màu xanh ?????,3
7270936,Bình thường,,3
7182381,Bình thường,,3
12343007,Rất không hài lòng,Quần ko giống như hình.  Yêu cầu trả lại hàng shop nhé,1
8191147,Rất không hài lòng,Shop giao kì v. Đã không đúng mẫu còn không đúng size. Trong khi chờ nhận hàng thì quá lâu?,1
19074142,Bình thường,Shop giao nhầm hàng ko đúng với đơn đặt hàng,3
16533800,Rất không hài lòng,"*** đảo, giao sp khác rẻ dỏm hơn,",1
16710815,Rất không hài lòng,"Hết hàng nhưng không thông báo, tự ý đổi hàng khác.",1
13181031,Không hài lòng,"Hí hứng Combo 10 chiếc. nhưng nhận chỉ được 5 chiếc, mong shop kiểm tra lại khâu đóng gói",2
7625268,Rất không hài lòng,"mua size L lại giao size XL ,hàng nhận được không giống hình ảnh,thất vọng quá",1
10712530,Rất không hài lòng,"giao hàng ko đúng như hình, như đồ trẻ sơ sinh",1
12144367,Rất không hài lòng,"gửi hàng vớ vẩn, không đúng sản phẩm",1
9609767,Rất không hài lòng,q that chat lieu  k tot giog nhu chat lieu q trong hinh qua that vong,1
6550890,Bình thường,"Chất liệu vải bình thường, tạm chấp nhận nhưng quần dễ rách và bong chỉ",3
5251096,Bình thường,Mình đặt 10 cái size XL shop giao 10 cái size L. Sản phẩm phù hợp so với giá tiền,3
7208500,Bình thường,"Giá cả hợp lý,nhưng phần vải lót lại không cùng màu!",3
9564146,Rất không hài lòng,"*** không mặc được, z z",1
10380472,Rất không hài lòng,qua te khg nen mua. phi tien,1
6390159,Rất không hài lòng,bỏ ra 29k để nhận được tốc độ chuyển hàng 19k,1
7222504,Bình thường,vải k đẹp như trong hình,3
6104446,Rất không hài lòng,mỏng quá giặt mấy lần là rách,1
5834096,Bình thường,sản phẩm này rất bình thường,3
5511767,Rất không hài lòng,"Quần quá mỏng, thất vọng quá",1
7197148,Bình thường,,3
6422169,Bình thường,,3
6357901,Bình thường,,3
6262339,Bình thường,,3
6243053,Bình thường,,3
6187151,Bình thường,,3
5523879,Bình thường,,3
5318677,Bình thường,,3
5177275,Bình thường,,3
5015151,Bình thường,,3
4731760,Bình thường,,3
4321771,Bình thường,,3
12653039,Rất không hài lòng,"Mình đặt combo gồm quần xanh, đỏ gạch, xám đằng này gửi combo đỏ, xám, đen",1
6389580,Không hài lòng,Quần chất liệu nóng không thấm hút mồ hôi,2
20021846,Không hài lòng,Set 10 cái nhưng khi giao là set 5 cái.,2
18649632,Rất không hài lòng,Shop này toàn giao hàng sai . Đặt quần lót mà giao linh tinh mấy thứ gì đâu ah,1
19429246,Rất không hài lòng,nói phi size mà đưa size nhỏ 25kg mặc vừa,1
18889526,Rất không hài lòng,Sao không giống hình thế ạ?,1
17950763,Rất không hài lòng,"Vải rất mỏng hàng dỏm , lấy hình shop khác đăng giao sp kém chất lượng",1
9839347,Rất không hài lòng,Hình ảnh và hành thực tế không hề liên quan. Đề nghị bỏ những ảnh quảng cáo sai thực tế này đi để có 1 môi trường cạnh tranh lành mạnh,1
7798571,Hàng không đúng như mô tả,Hàng nhận được k đúng như mô tả và hình ảnh minh họa. Tôi muốn trả lại hàng,1
16710820,Rất không hài lòng,"Hết hàng không thông báo, tự ý đổi hàng khác.",1
10953064,Rất không hài lòng,Giao sai sản phẩm. Chất lượng kém và sai mẫu mã. Đề nghị được trả hàng,1
13504096,Không hài lòng,"đường may xấy,lộ chỉ không được đẹo",2
11014344,Rất không hài lòng,quần giao đến k giống như hình đưa lên xấu quá,1
8494064,Bình thường,chất xấu nhưng phù hợp với giá tiền,3
3188831,Rất không hài lòng,"Tro a mua chuc cai dao co hai mau vay tro  chup hinh du mau ma , tui hay mua hang oi titi lam gio lm tui that vong wa",1
4014517,Rất không hài lòng,Giặt một hai lần là sù vải và size quá nhỏ không chuẩn về size,1
3648857,Bình thường,"vải này giặt mới có 2 lần đã muốn rách rồi, mua thử 1 lần thôi.",3
4470773,Rất không hài lòng,Quần quá chật,1
3207811,Bình thường,cũng bình thường tiền nào của ấy,3
9785873,Rất không hài lòng,như cái rẻ lau. vừa nhắn vừa nóng. form áo thì mặc ko ra cái thể loại gì. làm thế nào để trả hàng.,1
5825901,Không hài lòng,đặt size S . đơn hành cũg ghi S mà áo size M . Mình gầy mà áo M sao mặc đc . rất ko hài lòng,2
10878093,Không hài lòng,"Vải bt ko đẹp, size không đúng fom sz s mà quá rộng",2
6886059,Rất không hài lòng,"Áo chỉ đơm có 4 cúc áo, vạt áo rất ngắn không thể bỏ áo vào quần được",1
10491716,Không hài lòng,"Khuy áo bị lỗi , cài vào không được.",2
11394662,Bình thường,mẫu đc nhưng chất ko ok lắm,3
9291094,Rất không hài lòng,"Form Hơi rộng, vải hơi thô",1
4533640,Rất không hài lòng,Do xấu vo cùng mình nghi các ban Nen ra shop mua thi tốt hon,1
4891408,Bình thường,kiểu dáng đẹp nhưng vải mặc hơi nóng,3
3719312,Bình thường,Áo đc ... không thích lắm .vải tạm ổn,3
5742056,Bình thường,,3
4144189,Bình thường,mặc rất thoải mái,3
5243961,Bình thường,,3
4998567,Bình thường,,3
4879924,Rất không hài lòng,,1
3909117,Bình thường,Áo quá ngắn,3
3725992,Không hài lòng,bình thường,2
4256344,Bình thường,,3
4118774,Bình thường,,3
3844286,Bình thường,,3
19111071,Không hài lòng,áo mặc vô nhìn già hơn tuổi dù đã chọn màu trắng tinh khôi :3,2
15875060,Rất không hài lòng,áo nhìn như áo bà ba của các cụ 90 tuổi.dc cái chất đẹp,1
20209064,Không hài lòng,Tôi nhận hàng những ko giống như ảnh của cửa đăng tải nó khác hoàn toàn tệ thật,2
20070837,Rất không hài lòng,"Sản phẩm không như mô tả,tôi đặt áo kaki mà giao 2 cái áo gió .",1
5902600,Bình thường,,3
3781027,Rất không hài lòng,Shop cho xin lý do vì sao không phản hồi lại TIKI KHI KHÁCH HÀNG LIÊN HỆ CẦN HỖ TRỢ.  THANKS! (MÌNH ĐÃ ĐỢI 5 NGÀY,1
4284268,Bình thường,,3
3818416,Bình thường,,3
20162028,Bình thường,"Đúng số kg mà ko vừa, áo co giãn tốt, nhưng kích thước ko đúng với size, quá chật",3
3654502,Xin đổi size lớn hơn,"Cái áo sơ mi này mình order size L (thường là size mình mua áo sơ mi của Gumac) nhưng khi mặc vào thì bị chật phần hông và tùng. Do đó mình đang xin đổi thành size lớn hơn XL.

Cảm ơn",2
12083463,Bình thường,,3
8126100,Không hài lòng,Mặc ko vừa Size có thể đổi lại đc ko,2
5772954,Rất không hài lòng,Áo mặt vừa nhưng hai vạt áo không kép vào nhau được.,1
4108546,Rất không hài lòng,hình ảnh thì rất tuyệt. nhận hàng thì rất tệ. hiện tại vẫn k mặt luôn.,1
3797961,Rất không hài lòng,"Bây đổi lại dc k mình mua hơi bé, áo rất đẹp,muốn đổi size lớn hơn",1
6355154,Rất không hài lòng,áo xâu ko giống như trong hình,1
6721882,Bình thường,,3
3074686,Rất không hài lòng,san pham duoc nhung shipper ko tot hoi thuc khach hang,1
3532406,Bình thường,váy đẹp nhưng cộng dây lưng kg có cây gày sao gày đc.nhân viên giao hàng vui vẻ.,3
3952950,Không hài lòng,"Chân váy dầy cũng đc,nhưng xoè quá phải đi gọt bớt",2
4176886,Bình thường,,3
3779762,Bình thường,,3
3479278,Giao sai mẫu,Không giống mẫu! Rất cứng và thô. Yêu cầu Tiki và shop giải quyết đổi cho mình nhé! Cảm ơn!,1
5810268,Bình thường,,3
4997567,Bình thường,,3
2673892,Rất không hài lòng,shop giới thiệu màu cam mà giao hàng đỏ đô kì vậy?,1
19940135,Không hài lòng,"Hình ảnh là cô gái mặc, đặc size xl mà bé 5tuoi mặc vừa rõ chán",2
17231504,Bình thường,"Bình thuong, ko đẹp như mình thấy trên ảnh",3
17213833,Không hài lòng,Quá nhỏ so với số kg trên bảng size,2
18966947,Rất không hài lòng,"(*) Đánh giá không tính điểm
Shipper quá ***, hỗn ***..,..........,.............",1
3733344,Bình thường,"áo chất thun bình thường, đường may còn có chỗ ẩu tả.",3
3152695,Bình thường,Size hơi rộng. Mình 50kg.,3
5347254,Bình thường,,3
14886862,Rất không hài lòng,giao hàng k đúng màu. k giống mẫu,1
9345873,Bình thường,"Áo cũng bình thường, nút khâu rất sơ xài.",3
8730288,Không hài lòng,Mỏng xấu lắm với giá này thì quá đắt,2
5651896,Rất không hài lòng,"Áo quá mỏng. Thấy da thịt, phản cảm",1
5651900,Rất không hài lòng,"Áo quá mỏng, thấy da thịt, phản cảm",1
5027665,Bình thường,"Tay ao hoi rong, nhug sua lai mac cung dc.",3
6812523,Bình thường,,3
6633791,Bình thường,,3
5316312,Bình thường,,3
4893153,Rất không hài lòng,,1
3900873,Rất không hài lòng,ao  dep  y mau,1
16175146,Rất không hài lòng,hàng mới mặt mà chỉ sức bụng viền rùi,1
18335830,Bình thường,Form áo ko giống hình.iiiiiiiiiiiiiiii,3
17758628,Không hài lòng,"Chất vải mỏng, kiểu dáng không giống trong hình",2
16603733,Không hài lòng,"Sp bình thường, giá cao hơn nhiều so với sp cùng loại ở nhà bán khác.",2
17700643,Bình thường,"Không giống như hình
Nhưng chất vải thì đẹp",3
16663545,Bình thường,màu áo ở ngoài đâm hơn trong hình,3
15671384,Cực kì hài lòng,"áo quá rộng so với size
..",2
11551026,Rất không hài lòng,"Hàng không nhu hinh , vai qua mong",1
9227466,Rất không hài lòng,rất thất vọng về sản phẩm,1
14206788,Rất không hài lòng,"Vải ra màu, mua về giặt trước khi mặc là ra màu dính lem một số áo quần khác, tới lúc mặc xuống hồ bơi về, màu của vải bám luôn trên da
🥺🥺🥺",1
17225998,Rất không hài lòng,"Vải mỏng xấu.không phải chất liệu đồ tắm,vải thun mỏng nha cả nhà.thất vọng khi mua.",1
13587092,Rất không hài lòng,"Không hài lòng, giao sản phẩm không như hình: màu cũ miếng lót ngực bị lệch 1 bên",1
17338884,Không hài lòng,"Quá nhỏ, không vừa, chắc trẻ 7-8 tuổi mặc vừa",2
16711490,Rất không hài lòng,Đường may k cẩn thận bị hở. Áo có chỗ bị rút sợi.,1
16406105,Rất không hài lòng,"Chất lượng kém, muốn liên hệ shop đổi hàng thì ko có đt",1
17270800,Bình thường,đệm lót áo bị lỏng nên bơi không đc 🙄,3
16511481,Rất không hài lòng,"chất liệu quá tệ, hàng ko được như mong muốn",1
7299981,Bình thường,"Chất lượng sản phẩm quá tệ, không như mong đợi, ko phù hợp với giá tiền",3
10498773,Bình thường,"Đường may không sắc nét, chưa mặc nên ko biết ntn",3
11280786,Không hài lòng,"chất vải đổ màu, xấu và form k đẹp",2
9675587,Bình thường,Si d e ... nhỏ so với dự kiến !,3
7085152,Rất không hài lòng,shop nói 40 đến 50kg mà bé có 41kg mặc quá chật luôn,1
8767887,Rất không hài lòng,"Vải nóng, miếng mút Xô đẩy",1
16514403,Bình thường,Mẫu mã đẹp chất lượng như mua size xs mà mặc nấc 3 vẫn rộng trong khi đó vọng bụng của mình to nhá cho3 sao,3
15110995,Rất không hài lòng,không hài lòng size m nhưng mà mặc không vừa rộng quá có thể đổi lại được không,1
8963624,Rất không hài lòng,"ủa mua đai nịt bụng mà giao cuộn băng keo là sao
treo đầu de bán thịt *** à
tiki làm ăn j ẩu tả vậy
quá thất vọng",1
14703181,Bình thường,mình cao 1m6 mà mang bị dài quá. Gây bất tiện. khó vận động,3
15879338,Bình thường,djdndfnfnc nxdjjrncxuudc c x dhdbx bdhđ,3
14765401,Bình thường,Mặc ko vừa muốn đổi size khác,3
10329831,Rất không hài lòng,"Kích cỡ quá to !, ko hiệu quả như  đã quảng cáo ! Quá đắt !!!! Còng kềnh",1
10453623,Rất không hài lòng,hơi rộng cho mình đổi lại sai S ạ,1
13006562,Rất không hài lòng,không giống hàng quảng cáo,1
8201048,Rất không hài lòng,Không tốt và không chắc chắn,1
8150776,Bình thường,xấu hơn trên ảnh nhiều ???,3
8150780,Bình thường,xấu hơn trên ảnh nhiều ???,3
7037743,Bình thường,,3
7037738,Bình thường,,3
3988379,Bình thường,,3
4570750,Rất không hài lòng,Tôi không hài về sản phẩm này ?vì tôi đặt mua đồ dài thì đến lúc tôi nhận lại là 1 bộ đồ ngắn?tại sao vậy chứ trong khi đó tôi cũng đã mua hàng rất nhiều lần rồi mà ? *** dối mất lòng tin quá,1
4041233,Rất không hài lòng,Giao sản phẩm không đúng như yêu cầu. Đề nghị Tiki trả lời gấp,1
15552615,Rất không hài lòng,giao hàng không đúg size như yêu cầu,1
8237695,Rất không hài lòng,"Chất vải quá tệ, nếu lên chợ Tân Định mua giá khoản 75k. Mọi người tuyệt đối không nên mua, quá tệ !",1
12164447,Rất không hài lòng,sai màu. may lệch . bật chỉ.,1
11410176,Rất không hài lòng,Tôi đặt màu xanh sao lại giao tôi màu vàng làm ăn không trung thực,1
4072412,Rất không hài lòng,"mình mua bộ quần dài, tay dài.giao hàng sản phẩm quần ngắn, tay ngắn, không giống hình. Thật thất vọng.",1
13264387,Không hài lòng,Sản phẩm không như mong đợi,2
11410196,Bình thường,Sản phẩm giá rẻ nên không noi tới chất lượng,3
8258944,Rất không hài lòng,"Áo size XXL nhưng quá may nhỏ,  mặc ko vừa",1
7469135,Rất không hài lòng,"may bị lỗi, mắt tiền ,thật sự không hài lòng",1
6714157,Không hài lòng,Không hài lòng về chất lượng và màu sắc,2
6445280,Rất không hài lòng,chat lieu vai qua te khong dung nhu gioi thieu,1
6689980,Không hài lòng,đường may ko dc tốt. tạm ổn,2
6753928,Bình thường,ok,3
2666626,Thất vọng với hàng nhận được,"Shop gui khong dung size, k đúng mẫu. Thất vọng, làm ăn kỳ cục, không mua hàng shop này nua",1
4776039,Rất không hài lòng,q dài mak giao q ngắn,1
4079753,Rất không hài lòng,Giao sai mẫu,1
4600492,Bình thường,,3
2514734,Không hài lòng,"chất vải không đẹp, đường may quá xấu,hhhuuuiiiiiijj",2
20029315,Bình thường,Tôi muốn đổi áo vì size xl bé quá so với loại khác cũng size xl,3
15691641,Rất không hài lòng,"chất liệu vải mỏng, đóng gói sơ sài, thất vọng về sp",1
15365688,Bình thường,Cd yvyfyfbuhfgjg udtbhbchxb,3
9671903,Không hài lòng,quá tệ và mỏng mua về đúng phí tiền,2
9628409,Bình thường,Áo hơi nóng so với tưởng tưởng,3
3542130,Bình thường,"Vải thô, giặt ra màu, mặc nóng. Chất lượng đợt này tệ hơn nhiều so với đợt trước
Thất vọng ?",3
3823594,Rất không hài lòng,"Chất *** thì được, nhưng size không đúng nên không sử dụng được ( 3xl -63kg mặc chật)",1
3104432,Áo khoát thoát nhiệt Nhật bản Joking,"Giao hàng nhanh , áo mua lần hai cũng giống như áo mua trước đường may đẹp nhưng giặt áo bị nhăn và rút ngắn!",3
6520136,Rất không hài lòng,không hài lòng áo xấu chất liệu mỏng,1
2671144,Bình thường,"Kỳ vọng nhiều theo đánh giá của mọi người nhưng thất vọng tràn trề! Màu không giống hình, giặt xong nhăn nheo. Quá buồn!",3
5809263,Bình thường,cũng được???,3
3238307,Bình thường,"Chất đẹp. Nên có nhiều màu hơn nữa. Như màu hồng, xanh nhạt",3
5644873,Bình thường,,3
3750675,Không hài lòng,"Vải rất mỏng, ko được đẹp",2
19083598,Rất không hài lòng,"Mua thử 2 combo với tên quần khác nhau, giá chênh lệch 4 lần mà giao cùng 1 sản phẩm",1
2358642,Quần thiếu về số lượng và kém về chất lượng!,"Quần mình nhận được thật sự rất nhăn nhúm và trông rất cũ (như ảnh). Đồng thời hộp đề là 5 chiếc, cửa hàng chỉ gửi 4 chiếc. Trên kia đã có feedback gửi khách hàng thiếu. Mong tiki nhận, kiểm tra lại sản phẩm và refund lại tiền cho mình. Mình mua nhiều sp trên tiki rồi thì đây là sp đáng thất vọng nhất. Thật sự mất thời gian của khách hàng!",1
2394070,Giao thiếu ???,"Quần ok, không có vấn đề, tuy nhiên combo 5 cái giao hàng chỉ có 4 cái, đã gửi yêu cầu hỗ trợ nhưng tiki không hề phản hồi, mình mua hàng của tiki đã rất lâu và rất nhiều lần, dịch vụ ngày càng đi xuống. Thất vọng!",1
2461247,GIAO HÀNG KHÔN ĐỦ HÀNG,"lần đầu mình mua set 5 cái giao đủ, lần 2 mua set 10 cái giao có 5 cái, mình làm biếng không muốn complain nên bỏ qua, lần 3 mua set 5 cái giao có 4 cái, bực mình thật. giờ k lẽ có quần xì cũng trả lại hàng. Shop có trách nhiệm thì giao bù cho mình đi nhé.",1
2474899,Không hài lòng,"Sản phẩm này trước đây từng mua, mình thấy mịn, êm, thoáng nên dùng thích. Sản phẩm lần này mua thì thấy chất vải hơi dày. Size bị rộng dù mình đã chọn theo đúng thông tin mô tả.",2
9107189,Bình thường,"mặc bị lằn , mặc dù mình mua trừ hao tận xl",3
2364009,Giao thiếu hàng,"Set 5 quần nhưng mình nhận được chỉ 4 quần.
Chất vải mát.",3
3655063,Bình thường,"Quần mặc mát, thấm hút tốt",3
2147823,Bình thường,sao combo là 5 quần nhưng mình chỉ nhận được 4 quần thôi.,3
2037659,Bình thường,"Sản phẩm ok,nhung size qua to so voi size chuẩn.!!!!!!!!!!!!!!!!!!!!!!!!!!!!!!!!!",3
1942411,Rất không hài lòng,"sản phẫm ko hài lòng , thất vọng ngay lần đầu tiên !!",1
13300736,Bình thường,"Giao đủ,đúng ,cũng như quần da ,quần tơi chỉ vì dính keo rất nhiều, cắt may hơi cẩu thả ,quần dán keo o phải đúc su đúng nghĩa đen của nó ,55kg đến 65kg nhưng t mặc lại chật ,quần có mùi hóa học nồng lắm luôn ấy, đi giặt phơi rồi vẫn còn mùi ,đóng gói tệ ,chỉ bỏ bọc ni lông đen rồi cột lại,chỉ ở mức tạm !",3
13300656,Bình thường,"Giao đúng, đủ ,nhưng dính keo rất nhiều, khi tách ra làm tơi chỉ ,quần đúc su nhưng thật ra là dán bằng keo ,vết cắt hơi bị cẩu thả, nhìn kỹ hình ảnh, thật ra làm t thất vọng ,lần đầu tiên mua của shop ,nhưng nói chung tất cả chỉ ổn thôi !",3
16899461,Rất không hài lòng,quần size nhỏ quá để cho em bé mặc,1
12789281,Không hài lòng,Tại sao combo 5 quần lại giao 4 quần v shop??,2
12586094,Bình thường,ổn. hhhhhhhhhhhhhhhhhhhh. đủ chưa,3
12265489,Rất không hài lòng,màu nhìn khiếp quá trắng tinh,1
12124154,Không hài lòng,ko mấy hài lòng..........,2
10110007,Không hài lòng,Siza L báo cho ng đến hơn 60kg mà ko vừa,2
18377760,Rất không hài lòng,"Rất KHÔNG HÀI LÒNH. Hình quảng cáo là màu xanh lá cây, mình đặt màu xanh, nhưng sp nhận được lại là màu ĐEN! K bao giờ quay lại shop này!",1
17934009,Bình thường,"Chất lượng Bình thường , ko được như mong đợi",3
18621366,Rất không hài lòng,Sản phẩm k giống mô tả..shop treo đầu dê bán thịt chó..k còn hàng thì nói chứ bán áo như này sao mặc,1
12759208,Rất không hài lòng,"Chất liệu da sấu kém chất lượng , áo rộng phần lưng trật phần tay và thân trước , kiểu áo sấu so với trên hình",1
10679037,Không hài lòng,mh 50kg đặt size M mà rộng rinh ah. có thể đổi lại cho mh chiếc nhỏ hơn đc ko vì trên mác áo cũng ko ghi size áo đó là bao nhiêu,2
12798043,Bình thường,chất liệu kg tốt kg giống như trong hinh,3
7476454,Bình thường,mua cho ngta nên k dùng ko biết đánh giá dao. đánh giá ở giữa,3
6754393,Bình thường,"Đẹp, chấp nhận được, phù hợp giá tiền.",3
6938344,Bình thường,,3
6908105,Bình thường,,3
6288047,Bình thường,,3
6247656,Bình thường,,3
6221838,Bình thường,,3
3046830,Rất không hài lòng,"Shop *** đảo KH, sau 2 lần đổi trả vẫn giao sản phẩm không giống mô tả mà như hàng chợ rẻ tiền. Mọi người lưu ý khi chọn sp của shop này. Cảm ơn TIKI đã giúp KH giải quyết thỏa đáng để được nhận lại tiền mua sp.",1
3030460,Thất vọng về sản phẩm,"Sản phẩm giao không giống hình, ngắn cũn cỡn, chất liệu thì mỏng tang, cảm giác bị *** đảo. Đề nghị Tiki xem xét kỹ lại shop này.",1
3692680,Không hài lòng,Sao mình đặt mẫu này mà hàng về ko giống. Mình mới nhận hàng chiều qua. 1 cái giống 1 cái khác,2
2850946,Rất không hài lòng,"lúc giới thiệu sản phẩm thì để là chất co giản ,nhưng khi giao là giao chất liệu tuyết mưa j đâu cứng đơ ko có giản đc tya nào hết",1
2904908,Bình thường,sản phẩm ok. hi vọng shop sẽ có những mẫu váy ngắn. body nhiều kiểu. sẽ tiếp tục ủng hộ,3
2436305,Rất không hài lòng,Dạo này tiki đặt hàng gì cũng lâu la quá đi bắt đầu chán roiif,1
20227325,Rất không hài lòng,"Sản phẩm là hàng tồn kho, rất tệ",1
18557298,Rất không hài lòng,"95% cotton nhưng mặc như pha nilon rất nhiều luôn. Chất liệu tệ đến mức Thậm chí còn không dính băng vệ sinh hàng ngày. Size nhỏ hơn bình thường, đã đặt XL là to hơn 1 size nhưng vòng đùi sẽ vẫn bị chật (dù mình mặc hãng khác chỉ L).",1
13029204,Rất không hài lòng,Giao hàng không đủ số lượng. Mua 2 set mà giao có 1 set.,1
14354632,Bình thường,quần chất vải không có độ bám,3
10195982,Không hài lòng,giao hàng ko đúng màu sắc trong hình,2
8138843,Không hài lòng,Quần mới mua về bị rách và bong chỉ :(,2
16841385,Bình thường,Đường may ko dc chỉnh chu. Tiền nào của nấy,3
6569075,Rất không hài lòng,Vải xấu đường may tệ ko đáng để mua,1
16925747,Bình thường,"Áo đẹp, vải tốt nhưng mua ko mặc được,. Size ko giống các shop khác trên thị trường nên rất chật tay, nách, kéo ko lên được! Ước gì được đổi size",3
16690851,Rất không hài lòng,"giao thiếu hàng, ko có quần theo kèm",1
16348269,Rất không hài lòng,Đặt 3XL giao L nhỏ làm sao mặc,1
16881469,Rất không hài lòng,"Đã nhận được hàng, đẹp nhưng ôm người quá",1
15125618,Rất không hài lòng,Muốn đổi số lớn phải làm sao?,1
5312022,Bình thường,,3
8427472,Bình thường,chất lượng chỉ tạm thôi nhưng form ok,3
3323355,Rất không hài lòng,"Nhìn xuề xòa.
thiếu nét eo",1
16650836,Bình thường,"hàng đẹp, mẫu mã như hình, đong gói đẹp",3
16945226,Rất không hài lòng,"Quần không giống như trên hình.mẫu cũng khác.không phải trơn lạnh mà là quần coton nhìn xấu hơn hình nhiều,không biết có giao nhầm không nữa.",1
12211395,Rất không hài lòng,sản phẩm này tốt ok shop nhá,1
11297407,Rất không hài lòng,"1/ Hài lòng:  nhận hàng đúng hình, chính hãng. Vải đẹp, mịn, không bay màu, cotton mềm mát. Form quần ôm đẹp, bạn nào muốn thoải mái nên lấy size lớn hơn. Giá xứng với chất lượng. Nên mua dùng.

2/. KHÔNG HÀI LÒNG: NỘI DUNG GIÁ BÁN KHÔNG TRUNG THỰC.
   - Trên web ghi giá 250k GIẢM50% , còn lại 125k.
  - Thực tế nhận hàng, có barcode giá của NSX combo là 125k.
 ==> như vậy có phải tôi bị *** không?
( * Tôi muốn góp ý để shop cải tiến tốt hơn.)",1
18234791,Rất không hài lòng,"Tôi rất không hài lòng về chính sách đổi trả của shop. Ngay sau khi nhận hàng, tôi đã yêu cầu được đổi size, chấp nhận thanh toán phí đổi nhưng đến nay đã hơn 1 tháng, tôi vẫn chưa đổi được hàng.",1
16242479,Cực kì hài lòng,"quần đúng như quảng cáo nhưng size to hơn cân nặng. m 53kg, lại mập bụng nhưng vừa size s những ai nhẹ cân nên cân nhắc. quần sẽ bị nhăn khi ngồi lên xuống, lộ quần lót trong nếu mặc sáng.",3
11590500,Rất không hài lòng,"Đặt quần nữ, giao quần nam. Có dấu quay video khi mở hàng. Khách hàng sao biết lỗi mà quay ngay từ đầu",1
9540052,Không hài lòng,"quảng cáo là vải cotton, mà giao hàng vải nilong. mặc nóng và nhăn nhúm. quá mắc, thua mấy cái hàng bán xổ ngoài đường 3 cái 25k. quá thất vọng. 
đặt các mặt hàng khác thì toàn giao nhầm và giao thiếu. làm ăn thiếu đạo đức.",2
18290615,Không hài lòng,1 set quần có 2 loại size. 1 cái vừa 4 cái còn lại chật. Vải và đường chỉ đẹp.,2
14150855,Rất không hài lòng,"Xuất hoá đơn VAT quá lâu, hỏi Tiki thì nhận phản hồi là 1 tháng sau khi nhận hàng. Ko biết cái luật gì? Ví dụ mua 20/11 thì qua tháng 12 mới xuất à???",1
17251412,Bình thường,"Chọn sai XXl mà lần này quần nhỏ như sai L lần mua trc,tính trả đổi nhưng ngại nên thôi",3
17025340,Bình thường,"Hơi mỏng so với mong đợi, nhưng phù hợp với giá tiền",3
15638539,Bình thường,"5 quần thì 1 quần chất liệu vải mưa nên mình bỏ luôn chiếc đấy, còn 4 chiếc thì 1 chiếc chất cũng sột soạt.",3
11307529,Bình thường,Kiểu dáng đường may thì ko có gì phải chê . Nhưng chất vải thì toàn là vải may áo sơ mi thừa rồi may quần nên ko phù hợp . Nhưng thôi tiền nào của ấy .,3
18066586,Bình thường,"Chất vải hơi cứng, chất vải mềm chút sẽ ok hơn",3
12460022,Bình thường,"Giao hàng nhanh, đóng gói cẩn thận, hàng đẹp. Nhưng mình đặt là quần nữ mở ra lại là quần nam.",3
9209667,Bình thường,"Vải mềm, combo giao có đủ số lượng. Tuy nhiên màu già quá, huhu. Thấy bạn trước nhận toàn quần màu trơn mà ham.",3
11583669,Không hài lòng,mình đặt quần nữ nhưng shop gửi quần nam ạ :) giờ mình không biết phải mặc như nào :),2
13236646,Rất không hài lòng,"quần đẹp, vừa vặn, vải hơi mỏng, không biết có mau rách không.",1
13661898,Rất không hài lòng,mình đã nhắn tin lại 2  3 lần là mình lấy size L cuối cùng vẫn giao XL làm sao con mình mặc vừa,1
16895365,Không hài lòng,Sản phẩm bình thường so với giá tiền,2
9850904,Rất không hài lòng,"Khi đặt 125k 10 cái, nhận chỉ có 5 cái. không hiểu sao tìm lại tài khoản cá nhân đặt lúc đầu để xem lại, không hiển thị.",1
11139904,Bình thường,"Quần may chắc chắn, tuy nhiên các màu sản phẩm tôi nhận được không đẹp, không như hình quảng cáo bán hàng.",3
12049123,Bình thường,"Đặt mua 4 combo quần nữ, nhầm 01 combo quần nam! Chất lượng tốt, một số quần may bị sổ chỉ.",3
16261017,Rất không hài lòng,"không nên mua , size không chuẩn, vải nóng",1
11093796,Bình thường,Ko thấy tem thể hiện loại vải. Mỏng nhẹ nhưng thiếu sự mềm mại.,3
8950994,Rất không hài lòng,"Hình đẹp nhưng sản phẩm xấu, ko giống, nhìn đúng hàng chợ",1
4669317,Rất không hài lòng,giao hàng không đúng mẫu,1
3827985,Rất không hài lòng,"váy không giống với hình, chất vải mỏng, thất vọng với shop",1
6100339,Bình thường,,3
4234781,Bình thường,màu sáng hơn trong hình,3
3421102,Không hài lòng,hàng gửi ko giống hình. *** đảo,2
9938113,Không hài lòng,"Váy quá mỏng,vừa size nhưng phần trên quá mỏng",2
19737976,Rất không hài lòng,Tôi đã trả hàng và bên giao đã lấy hàng. Nhg vẫn chưa được hoàn tiền?,1
12090287,Bình thường,chất lượng tương xứng giá tiền,3
10763634,Rất không hài lòng,Bảo giao màu xanh đen thì giao màu đen. Đặt sz XL mà nó bé tí. Mới mặc có 1 lần đã tưa hết vải . Ko hiểu tiki sao lại để 1 cửa hàng bán đồ kém chất lượng vậy bán hàng trên trang của mình,1
8014082,Rất không hài lòng,Hàng k đúng như hình. Mình 54kg cao 1m6 mà size XLmặc k vừa pé tí. Mong tiki hay shop đổi hàng hay ntn. Phải uy tín.,1
8618055,Thất vọng,"Mua 2 bộ cho vợ, 1 hồng thì con gái 4 tuổi mặc vừa, 1 bộ thì khác hẳn màu và mẫu mã trên ảnh sản phẩm, *** đảo à?",1
12866563,Rất không hài lòng,"Bán hàng ko đúng như hình mẫu đã chụp, hình là lụa gầm hồng mà giao bộ lụa bóng đỏ lè",1
8444993,Rất không hài lòng,"Mua cho mẹ mà con mặc, wtf, lần đầu mua trên tiki mà khác trong hình thế này, tin tưởng -5 điểm, chịu =))",1
8989836,Rất không hài lòng,rất thất vọng hàng đặt 1 kiểu trả 1 kiểu tôi đặt xxL trả hàng bé tí khoảng 40 ký mặc vừa đe8 nghi8 tiki đối trả,1
9377923,Rất không hài lòng,Shop này làm ăn ko uy tin giá sản phẩm thì cao hơn thi trường mà giao hàng mặc ko vừa ko cho đổi trả thật là quá tệ,1
7946683,Rất không hài lòng,"shop giao sai hàng cho m, thủ thục hoàn trả hàng như nào shop",1
8363370,Rất không hài lòng,treo đầu dê bán thịt ***  tôi  mua hoa văn  giao kg giống hoa văn của  .tôi  mua áo dài tay giao áo  ngắn  tay,1
16270012,Bình thường,"oki hàng khá ổn! nhưng vẫn có lỗ:  ""  chỉ thừa còn khá nhiều , may chx oki còn..."" đấy chỉ là lưu ý nhỏ cho shop thoi mk vẫn ủng hộ shop",3
17224704,Rất không hài lòng,Mua và giao không giống. Shop làm vậy ai dám mua thêm lân nữa,1
18072383,Không hài lòng,"Gửi sai màu,k vừa ý.............",2
17191259,Rất không hài lòng,"Vải quá nóng, thô ráp. Đường may xấu.",1
10720093,Không hài lòng,"Chất liệu vải không đẹp như hình, lớp trong mỏng vải rất nóng",2
5871226,Bình thường,"tạm dc. đường chỉ bên trong thưa, mặc dc 1 tuần mà đã rách đường chỉ bên trong rồi",3
10041633,Bình thường,áo vải chất liệu bình thường,3
6700992,Bình thường,"Áo nhận có mùi khó chịu, ko sz to nên mặc rộng, ko ưng lắm",3
7178517,Rất không hài lòng,"chất lượng may rất kém, màu ko đẹp",1
5898651,Không hài lòng,áo xấu hơn trong hình nhiều vải thô cứng,2
6111843,Bình thường,"Áo cũng ổn, nhưng form bị rộng quá!",3
5494241,Bình thường,52kg size m hơi rộng. Tạm chấp nhận đc,3
5686228,Rất không hài lòng,"Sp quá rộng, chất xấu, ko mê nổi",1
6049165,Rất không hài lòng,"Chất liệu vải cứng, nóng,..",1
5950352,Bình thường,Áo bị rách xíu ở trong bao,3
5153273,Bình thường,"nón nhỏ, ko túi trong.sp tạm chấp nhận",3
4683148,Bình thường,phù hợp giá tiền nên chất cũng bình thường,3
6525585,Bình thường,,3
4975782,Bình thường,,3
4557973,Không hài lòng,,2
10860775,Không hài lòng,"đặt một màu ra một mầu, đường may ko chắc chắn",2
12202161,Rất không hài lòng,quần lót cho người béo mà cho cỡ người 50kg mặc vừa .trả hiểu shop giao kiểu gì,1
19959791,Bình thường,Mình đặt size nhỏ mặc còn ko vừa sao shop giao giao size này ạ? Mua nhiều áo mà chả cái nào vừa,3
13094127,Bình thường,"Ko hài lòng,ko bao giờ mua lại nữa",3
9190428,Không hài lòng,Sản phẩm không lung linh như trong hình. Xấu.,2
4227378,Bình thường,,3
3643734,Bình thường,"Mình vừa nhận hàng vải tạm được, không giống hình đăng, không có xẻ tà đường may tạm ổn cũng phù hợp giá tiền chứ không rẽ",3
3842728,Rất không hài lòng,làm sao để trả lại sp vì vải và mẫu đầm ko giống hinh,1
3831038,Rất không hài lòng,"Thật thất vọng. Mình mới nhận được hàng,hàng giao ko đúng mẫu mình chọn",1
3664836,Rất không hài lòng,Đăng 1 đường bán 1 nẽo. K giống hình mẫu. Tiki là ăn kì quá,1
5452663,Bình thường,,3
3683642,Rất không hài lòng,,1
17840488,Bình thường,Sản phẩm mặc vô bị bung chỉ,3
4244825,Bình thường,vải được nhưng shop giao không đúng size như đã đặt.,3
2170385,Rất không hài lòng,"Sản phẩm không đúng như ảnh, may rất không hài lòng",1
13726805,Rất không hài lòng,Dễ dồ 65 kg mặc mà nhan dồ nho xíu ko có size ? Ko dúng màu dã chọn ? Vậy là bị ***,1
16461194,Không hài lòng,Chất liệu vải không giống hình,2
11594401,Rất không hài lòng,"Đặt áo ngực không họng Uniqlo màu DA nhưng gửi hàng màu XÁM đậm với lý do ko còn áo ngực màu da!!!
Tại sao không liên hệ khách hàng để hỏi? Lý do không có *** khách! VAI TRÒ CỦA TIKI Ở ĐÂU TRONG VỤ VIỆC NÀY?
PHẢI CHĂNG DO KH THANH TOÁN TRƯỚC NÊN MUỐN GIẢI QUYẾT SAO CŨNG ĐƯỢC MIỄN LÀ CÓ HÀNG GIAO LÀ ĐƯỢC? ĐÂY LÀ CHỦ TRƯƠNG CỦA TIKI?",1
18225912,Bình thường,"Ra màu rất nhiều, giặt nhiều lần vẫn ra màu",3
16771741,Bình thường,Ổn. Shop ko nhiệt tình. Kiểu bán xong là thôi. Nhắn tin hỏi thì bảo giao đúng hàng rồi. Cũng chả quan tâm xem khách có vướng mắc gì ko,3
5732850,Rất không hài lòng,Đầm ko đẹp   *** rất xấu,1
19703039,Rất không hài lòng,hàng giả mạo ko giống hình trên máy.,1
19605362,Rất không hài lòng,hàng ko đúng mẫu .*** Khách hàng,1
4464928,Rất không hài lòng,Shop nghỉ sao đơn hàng vàng tim mà đưa màu tím. Thất vọng quá ko có lần sau đâu,1
4067276,Nóng rã man,"Nóng lắm các bác ạ, m mua về mới mặc cái quần thôi,Mặc cả bộ chắc ngồi điều hòa khỏi ra ngoài may ra thì được..",2
4218156,Bình thường,vải ok. chất lượng cũng được,3
15449880,Không hài lòng,Đặt mua màu xám tiêu đậm lại giao màu xám nhạt! Shop cẩn thận hơn trong việc giao màu!,2
7873693,Rất không hài lòng,"đặt 1 cái đỏ 1 cái xám, rốt cuộc giao 2 cái đỏ. mua của shop mấy lần rồi. lần này thất vọng quá",1
5338133,Bình thường,chất vải ok.áo ngăn quá mới lại áo chống nắng mà ko có xỏ ngón.mặc như là áo khoác vậy,3
20000917,Bình thường,"Sp mô tả màu da, nhưng giao màu hồng.",3
11408473,Bình thường,hang giong hinh cung ?ok,3
9734369,Rất không hài lòng,quan thi ok ma sze hoi ***,1
4723998,Bình thường,Sản phẩm nhận được là mẫu trơn không có ren như hình.,3
10812816,Bình thường,"điểm cộng là áo mát, vải đẹp
điểm trừ là mỏng và bị ra màu khi giặt.",3
13874389,Bình thường,"đóng gói cẩn thận, nhưng vải hơi mỏng",3
11664785,Không hài lòng,"Chất liệu thường, mỏng không chống nắng được",2
9816491,Bình thường,Mình chọn size hơi bé. Chất lượng tạm ổn so với giá.,3
3400439,Rất không hài lòng,"Lúc mới nhận hàng không để ý kĩ,sau 1 tháing mặc thấy có 1 lỗ nhỏ ở vai bên phải,giá khuyến mãi nên hàng bị lỗi chăng?",1
10034663,Bình thường,"Size ko đúng, tuy nhiên đẹp",3
3640892,Hỗ trợ chậm hay hỗ trợ yếu,"Mình muốn đổi size, đã liên hệ *** và *** của Goking mà chẳng được ai hồi âm gì cả.",2
20166083,Bình thường,"Bám dính kém, không như quảng cáo",3
18533322,Bình thường,"Sản phẩm bình thường, kiểu dáng không giống như quảng cáo",3
17371021,Bình thường,"Giá cao so với chất lượng, dính khó chịu lắm, chỉ bằng mấy miếng hình hoa 10-15k thôi",3
11642738,Không hài lòng,"Size k đúng kích thước,nhỏ. 5 cái chỉ có 1 cái đúng size.",2
18654002,Bình thường,Sao tôi lấy màu trắng lại giao màu đỏ đổi lại màu trắng cho tôi vì giao cho tôi 2 cái màu đỏ,3
19104993,Rất không hài lòng,"Tệ, size ko vừa số kg, liên hệ ko ai trả lời, Tiki cũng tệ ko giải quyết, đồ còn nguyên tem, nguyên bao bì , nhà máy gắn sai kích cỡ sao , sao ko vừa mà khách phải chịu, ko cần đổi màu , ko cần đổi kiểu, chỉ mong có size mặc vừa mà ko ai đổi cho",1
18957755,Không hài lòng,"Ko đúng sp quảng cáo, vải mỏng",2
19387216,Không hài lòng,"Không hài lòng. Form áo thì to form quần thì bé, đệm ngực ko chắc chắn, dễ xộc xệch, ko đảm bảo khi bơi.",2
7919880,Không hài lòng,"Áo đẹp như hình nhưng nhỏ hơn bình thường 1 size. Mình nghĩ là nên có bảng chi tiết số đo ngay trên phần chọn size, chứ giấu trong phần Mô tả sản phẩm thì đánh đố khách hàng quá, trong khi mặt hàng này không hỗ trợ đổi trả. Nếu muốn hiển thị thông tin như các shop khác thì, mình nghĩ, cũng nên đi theo quy chuẩn số đo của họ. Đằng này đã làm khác đi, lại không rõ ràng mà dịch vụ cũng không hỗ trợ. Giờ mua về lại không mặc được. Đây là lần đầu tiên cũng là lần cuối cùng mình mua hàng ở đây nha Mây Fashion nha. 
Chút trải nghiệm chính sách hậu mãi cực kỳ khó chịu.",2
18105699,Bình thường,"Mút áo bị chạy trong lớp áo
Đồ mình chọn vừa cơ thể nhưng mình thích rộng hơn tí
Quần thì bị cuốn lai quần lên, k đẹp",3
19387207,Bình thường,"Bình thường, không quá xuất sắc.",3
17352709,Bình thường,"Áo mặc rộng mặc dù đã chọn size theo thông số, miếng lót ngực mỏng, phai mặc áo trong",3
8292924,Bình thường,"Để hướng dẫn size không đúng. Mình 58kg mà order size XL thôi (so với hướng dẫn phải là XXL), mặc rộng. Xuống nước miếng lót ngực k ôm sát người cứ trồi ngược lên. 
Vải đẹp, màu đẹp. Nên làm bảng tư vấn chọn size kỹ lại.",3
9628637,Bình thường,"màu hình chụp là xanh dương lợt nhưng thực tế là xanh ngọc nhỉ, tuy nhiên vải và đường may khá đẹp.
cho hỏi shop có màu đúng hình ko cho.mình đổi.",3
16885030,Bình thường,"Hanhg quá bé so vói size giói thiệu, chất lượng vải bình thường.",3
10854335,Rất không hài lòng,"Quần bơi ko chắc chắn, thun lưng quần dễ tuột khi nhảy xuống hồ bơi.",1
9787659,Rất không hài lòng,"Form xấu cầm xong bỏ 1 bên luôn, cái mút ngực lỏng lẻo, nói chung thất vọng",1
9220585,Bình thường,"Size thực tế nhỏ hơn ghi trên hướng dẫn. Vải nhàu, không đẹp. Không nên mua",3
9161309,Rất không hài lòng,Chất lượng ko ok. Áo ngắn tí mà chọn L rồi đó,1
6315558,Không hài lòng,Chất liệu mỏng. Mút ngực xộc xệch. Giá thành cao so với chất lượng.,2
9645658,Rất không hài lòng,Mặc bị chật và màu sắc sặc sỡ quá!,1
4030450,Không hài lòng,"Đồ mặc không vừa cho đổi  size shop nhé
Size XL . ( cao 1.58, nặng 52kg) màu xanh không có màu Hồng nha!",2
7810062,Rất không hài lòng,"chất liệu kém, có thể trả lại ko.",1
8801121,Bình thường,Vai dep ma đường may xấu qua,3
3851749,Bình thường,"Áo ngắn, mình cao chưa đến 1m50 mà còn bị ngắn. Đành cho lại con gái 9 tuổi mặc",3
4644450,Rất không hài lòng,"Ao chat chua mac ma k cho đổi , như vậy ai dám mua",1
4601575,Rất không hài lòng,Mình không hài lòng với chất liệu vải.,1
6468626,Bình thường,Tạm được,3
5641827,Bình thường,,3
4416304,Bình thường,,3
3901869,Không hài lòng,,2
3688717,Rất không hài lòng,Hàng gửi chỉ có áo k có quần shop ơi mất nguy tính,1
19242315,Bình thường,"Áo đẹp so với giá. Nhưng shop thì tệ nha, nt k rep",3
3719290,Không hài lòng,áo nhìn cũ,2
16389650,Bình thường,"Vai dep nhung size nho, dat theo tư vấn nhưng vẫn k vừa",3
15680598,Bình thường,Áo ko co giản 4 chiều mặc ko thoãl mái,3
12824691,Bình thường,"Mua 2 áo cùng size XXL mà 1 cái vàng thì vừa, cái xám lại chật",3
3137414,Không hài lòng,"không biết sao shop cứ gửi sai màu hoài, đặt hàng 2 lần đều gửi sai màu ,mình đặt hàng màu trắng và màu đen mà gửi màu đen và màu xám. rất mong shop kiểm hàng kỹ trước khi gửi !",2
3097963,Giao màu tào lao đặt vàng giao xám,Đặt màu vàng giao màu xám. Hết hàng thì để hết hàng chứ. Làm ăn tào lao. Muốn hoàn tiền. Ko nói nhiều. Mệt.,1
8662658,Bình thường,chất liệu bình thường hơi ôm so với thông số đưa ra,3
8664740,Bình thường,Áo hơi dài trùm mông mặc mất dáng,3
6949873,Rất không hài lòng,người giao thái độ không tốt,1
6284355,Rất không hài lòng,Áo mặc không vừa áo lại dài,1
3407183,Bình thường,áo vải mỏng.chất thun cứng.màu thì giống hình. k ưng lắm.,3
4272506,Không hài lòng,áo mỏng,2
3164443,Không hài lòng,"tạm được, dùng hơi nhàu, phải ủi",2
4237578,Bình thường,,3
3533994,Chất lượng quá tệ (Đăng Phong Store),"Đầu tiên mình có đặt một cái màu trắng từ Shoptido, rất ok. Nên mình quay lại link để đặt thêm 3 cái thì thấy có thêm mục chọn store, do Shoptido ko còn trong danh sách nên mình đã chọn Đăng Phong store. Hàng thật sự không giống hình, phần vải phía sau lưng to. 3 cái chất lượng đều tệ, vải ko co giãn, cứng, rất khó mặc, đã vậy size thì quá khủng (chắc phải XXXL) người 50-60 kg là chắc chắn không mặc vừa. Thật sự mình đặt để tặng bạn, không hài lòng thì mình vẫn có thể đặt lại, tuy nhiên mình không tin hạng mục này của tiki đảm bảo sẽ giống hình nữa. ?‍♀️",1
13581312,Không hài lòng,"giao hàng nhanh, nhưng sai màu. Đặt trắng + da nhưng giao đen + da. 
Thanh toán trước mà thất vọng quá. Sẽ không quay lại nữa.",2
9150812,bình thường như nó vốn vậy.,áo như hình đăng bán. mua cho các cháu mới lớn mặc được. cũng ko quá dày nhưng mình mua 2 chiếc 1 màu trắng 1 màu da thì màu trắng thấy chất thích hơn đấy. nó thun tốt hơn,3
13581326,Không hài lòng,gửi sai màu. Đặt trắng giao đen.,2
3546550,Rất không hài lòng,"shop giao hàng không tốt ???
làm ăn  tử tế vào nha shop ?
bán qua tay là xong à
mặc k mặc đc. làm giẻ lau cũng k đc 
coi như *** vậy ?
mong shop phá sản nhanh để ít ng bị *** đi ???",1
3594031,Không hài lòng,"đặt 2shop. màu nâu shoptido ok. còn 2 cái Hà store thì quá tệ.
tiki nên xem lại các sf cùng hạng mục để ko ảnh hưởng đến shop khác.",2
3497326,Rất không hài lòng,Yêu cầu tiki đổi hàng dùm đồ k giống trong hình làm ăn vậy mất hết khách đồ quá to dày thô miếng mút bên trong không gỡ ra được,1
8608402,Bình thường,"Sản phẩm giao nhanh, nhưng bị bẩn",3
3436674,Rất không hài lòng,"Chất liệu hoàn toàn không giống hình và mô tả. Vải thun giống vải áo thun, dày và form không ôm dáng.",1
8408236,Bình thường,"giá thì rất rẻ, nhưng khoảng cách của dây áo phía sau lưng rất dễ bị lật dây mình thấy vậy,,,,",3
10485476,Bình thường,"giặt máy là bay hết tấm đệm ra ngoài,",3
9010918,Rất không hài lòng,"áo dở, mua áo và quần.phí ship 35k. nhưng chi giao áo giá 28k mà ship 35k mới shock",1
3579238,Bình thường,"cái gì cũng chắc trừ cái dây giãn quá, nên nó xệ xuống, phom dáng dc, chỉ dành cho b teen hoằc gầy và ngực nhỏ thôi, 35+10k cước =45k sẽ ko mua lại",3
9653912,Rất không hài lòng,Giao hàng nhanh chóng (tốt),1
11596297,Rất không hài lòng,Ko mặc được quá nhỏ mặc dù đã xem size,1
8268061,Bình thường,"Hàng may ẩu, bung chỉ, tuy nhiên áo mặc lót nên tạm chấp nhận được.",3
9763043,Không hài lòng,"chật, thích hợp với tuổi teen",2
8190961,Bình thường,Bị giãn và dễ bung áo sao 2 lần giặt,3
3613901,Bình thường,Không có miếng lót. Vậy tính ra mặc bra cũng như ko,3
4089079,Rất không hài lòng,"Sản phẩm chất vải dày, rộng quá cỡ, không đẹp. Chất lượng tệ :(((",1
3385978,Bình thường,"Áo dây mềm quá, dễ giãn và không giống hình",3
3825483,Bình thường,chất liệu vải không đẹp so với  các sản phẩm khác,3
7443233,Bình thường,,3
6638049,Bình thường,,3
3596425,Không hài lòng,"Hàng có chất lượng kém, chịu thôi, do giá rẻ",2
3432634,Bình thường,Vừa với giá tiền.ko đẹp nhưng cũng không tới nỗi.,3
3628172,Bình thường,"mặc cũng được, không đẹp như kỳ vongh",3
5692570,Bình thường,,3
3604443,Rất không hài lòng,Sp không giống hình. May rất xấu và to,1
4267343,Rất không hài lòng,size mặc không vừa,1
3607512,Rất không hài lòng,áo chất dáng đẹp như quảng cáo.,1
3328540,Bình thường,K hài lòng. Giặt xong đã xù hết lông lên,3
5022571,Bình thường,,3
3598214,Rất không hài lòng,Chất lượng áo quá tệ.....,1
4366069,Bình thường,tam được,3
3331695,Bình thường,cũng đẹp và tốt sương sương,3
3394497,Bình thường,không mặc dừa buồn quá đi,3
4318316,Bình thường,,3
4312538,Bình thường,,3
3759772,Bình thường,,3
3746161,Bình thường,,3
11634877,Không hài lòng,"dở,không như hình,chỉ dễ bung",2
5621904,Rất không hài lòng,"hàng ko giống hình ,ko mua hàng ở ung dụng này nửa,",1
17815624,Không hài lòng,"Mình đã mua nhiều áo goking cũng size 3XL mặc vừa vặn, nhưng lần này cũng size 3XL, cùng loại, nhưng vạt áo sau lại ngắn củn cỡn, mặc hõn lên nhìn kì cục, mình ko nghĩ goking chất lượng lại kém như vậy! Hồi mấy tháng trước mình mua 1 cái áo da cá còn giao sai màu cho mình nữa!",2
19490864,Bình thường,Không cung size hàng mặc không vừa,3
18212921,Rất không hài lòng,Mặc chật chất vải dầy ko phù hơp chống nắng,1
14416539,Không hài lòng,vải rất mỏng .giá cao mà hàng ko đạt yêu cầu !,2
9897594,Không hài lòng,"Vải hơi mỏng, không hài lòng lắm",2
2314141,Bình thường,áo khoác chất cotton vải mềm mát nhưng khá mỏng. Cảm tưởng chỉ cần giặt 1 2 lần là áo bị chảy xệ mất thôi. Bạn nào không thích mỏng thì nên cân nhắc.,3
2584149,Rất không hài lòng,áo không đúng màu hình thì để xám đậm nhưng giao hàng thì màu xám nhạt giải thì mỏng đường chỉ thì thừa thợt khá thất vọng,1
6530189,Không hài lòng,màu áo không giống như hình,2
2590876,Không hài lòng,vài mịn mặc  rất mát áo này mình  rất  thích sẽ mua thêm một  cái  nữa.,2
4586744,Bình thường,,3
2224963,Rất không hài lòng,"*** đảo, mua áo khoát giao áo thun, h k chịu thu hồi đổi trả",1
