content,Quality,Service,Shipping,Packing
"nước sơn đẹp, khá chắc chắn, dễ lắp đặt, trải nghiệm sơ bộ thấy tốt, hơi rung 74kg giao sản phẩm rất tệ, đặt 12 đến 27 mới giao, nhân viên giao sản phẩm gọi điện báo giao chậm cho khách 2 3 lần, nhưng tự cập nhật trên hệ thống giao sản phẩm không thành công, đổ lỗi cho khách sản phẩm, hẹn giao cho khách, trễ hơn 2h khách gọi hỏi lúc nào giao thì không trả lời rồi cúp máy",0,0,1,0
"may không có sách hướng dẫn lắp ráp, không có hướng dẫn sử dụng ….",1,0,0,0
túi không đựng được điện thoại,1,0,0,0
"người bán coi thường khách sản phẩm, giao 2 lần liên tiếp đều sai. mua 25” giao 28”. chat trước khi mua lại. sau đó mua lại 25”, tiếp tục giao 28”.",0,1,0,0
"mua 2 cái, 1 cái dùng tốt, 1 cái con trai bóp 1 cái gẫy làm 2 luôn. giao sản phẩm nhanh, bao gói cẩn thận.",1,0,0,0
sản phẩm không đúng như mô tả,1,0,0,0
không trả lời tin nhắn của khách sản phẩm dù đã nhắn rất nhiều lần. không biết có lỗi hệ thống hay gì ko.,0,1,0,0
"chất lượng tốt, chất lượng tốt, giao sản phẩm nhanh. tuy nhiên cửa sản phẩm có hơi nhầm là giao hai cái cùng 1 bên.",0,1,0,0
"mùi hoá chất cực kỳ hôi, đã giặt 3 lần vẫn chưa hết mùi.",1,0,0,0
"treo người lên khá là đau giữa 2 bên nách do bị tì đè nặng nhưng miếng đệm không đủ êm, thanh treo khó cố định trên tường",1,0,0,0
ai chưa dùng không nên mua mang vào chừng 5p là không thở nổi,1,0,0,0
"khi treo lên rất là đau hai bên nách, lớp đệm 2 bên quá mòng. các khóa không chắc chắn treo người lên là tụt dây",1,0,0,0
"gây đau nách, không đu được lâu.",1,0,0,0
không sử dụng được nó không bám được vào eo nhưng nó tuột luốt hà.,1,0,0,0
"các dây đeo may quá mỏng mảnh, và chiều cao đai quấn thấp khó chịu được sức nặng trên 60kg",1,0,0,0
không dùng hiệu quả đau tay,1,0,0,0
"khó sử dụng do dây đai hơn ngắn, bất lợi nếu không có chỗ treo",1,0,0,0
"đừng mua nếu không muốn phí tiền. đai không treo được, thiết kế kém nó sẽ bụ tuột",1,0,0,0
đeo vào tuột đến nách. không phù hợp,1,0,0,0
tụt mỗi khi đeo không như quảng cáo,1,0,0,0
"tương đối, nhưng thảm quá mỏng, tập dễ đau chân, đầu gối.",1,0,0,0
"mặt dưới bị sẹo cắt mất 1 góc, mặt trên lỗ rỗ. rất tệ! sau này tẩy chay kg mua sản phẩm của cửa sản phẩm này nữa",1,0,0,0
"chất lượng quá kém, thảm quá mềm, lún, mau rách.",1,0,0,0
giao không đúng màu. đặt xanh dương giao. anh lam,0,1,0,0
"màu không hài lòng , sản phẩm giao đúng ngày",1,0,0,0
"đăng bán thì king sport martial art cửa sản phẩm hn.nhưng tính tiền mua thì frood.đặt 2 đôi thì giao ""2 cái"".chủ cửa sản phẩm biết 1 đôi với 2 đôi là mấy cái không vậy.đặt 3 lần trả sản phẩm 2 lần.nghĩ nhầm lẫn hay cố tình thế.1 đôi 2kg 1kgx2 có 220k.ng ta đặt 2 đôi 1kg 0,5x2 nhưng giao loại 1 đôi 2kg 1kgx2 tinh tiền tới 330k.",0,1,0,0
"21/5 tạ đeo chân tay chạy bộ thể thao tập gym , tập thể hình chuyên nghiệp 1 đôi 0.5 kg / chiếc - đen viền xanh king sport martial art cửa sản phẩm hn 156.000 ₫ tổng tiền: 312.000 ₫. khi nhận sản phẩm mở ra chỉ có 1 đôi nhưng tiền thì x2.cửa sản phẩm đóng gói giao sản phẩm kì vậy.tôi trả sản phẩm và đặt lại lần 2.cửa sản phẩm ktra kĩ giúp nhé.",0,1,0,0
đặt 2 cặp nhưng cửa sản phẩm gửi được 1 cặp. ib cửa sản phẩm thì không thấy trả lời. làm ăn quá chán. lần đầu mua sản phẩm bên tiki gặp trường hợp này,0,1,0,0
"chất lượng tốt, tuy nhiên nên ghi rõ cụ thể cho không đỡ nhầm lẫn. nt cửa sản phẩm không repp",0,1,0,0
"1, đặt tạ 2kg 1 bên thì cửa sản phẩm giao 1,5kg ngại đổi trả nên dùng luôn. 2, ưu điểm đây là phiên bản bi sắt chứ không phải là cát",0,1,0,0
cửa sản phẩm giao không đúng sản phẩm trên hình,0,1,0,0
mình đặt mua sản phẩm 4 ký tạ 2 ký mỗi bên nhưng giao nhầm 3 ký tạ 1.5 ký mỗi bên. vui lòng đổi trả giùm,0,1,0,0
đặt mua mỗi bên 2kg 350k đến khi giao chỉ có 1.5kg 285k nhưng phải thanh toán 350k. làm biếng đổi trả nên nhận xài luôn.,0,1,0,0
"gửi sai sản phẩm, tạ chân 4kg nhưng lại gửi đến 3kg",0,1,0,0
"làm ăn kiểu gì thế. đặt tạ 4 kí nhưng giao 3 kí, ăn tiền kiểu này dễ nhỉ",0,1,0,0
"nhanh tụt xuống quá , di chuyển cũng tốt",1,0,0,0
chậm quá mất thời gian chờ,0,0,1,0
"dính bẩn và không nhưng mac, có thể sản phẩm lỗi khách đã trả về.",1,0,0,0
"mang đúng 1 lần đã vậy, đề nghị có giải thích. sém xíu nữa rơi điện thoại",1,0,0,0
"không đáng với đồng tiền bỏ ra. đường chỉ kém, mặc mấy ngày là bung hết cả chỉ ở cạp quần",1,0,0,0
"vải cứng mặc không thoải mái như mô tả , ngoài ra bị tróc logo từ khi nhận ! vui lòng đổi trả hoàn tiền",1,0,0,0
chất lượng tệ quá ạ. ngồi xuống chỗ nào xù xì là chóc ngay,1,0,0,0
"túi quần cạn không để được đt , dây kéo rất dễ hỏng",1,0,0,0
bình thường sản phẩm không chuẩn size . size xxl nhưng cho người 14-15 mặc.,1,0,0,0
mình đặt xl nhưng giao cho mình size nhỏ quá,0,1,0,0
đặt quần này giao quần khác,0,1,0,0
sản phẩm không giống quảng cáo,1,0,0,0
chất lượng kém chất lượng xấu.,1,0,0,0
giao sản phẩm không đúng như giới thiệu . thiếu tất,0,1,0,0
đánh giá không tính điểm nhà bán đã không giao đôi tất đá bóng như cam kết.,0,1,0,0
lúc giao sản phẩm thì shipper bảo mở ra nếu đeo không rõ có thể gọi để đổi. gọi tổng đài thì bảo mở bịch đựng rồi nên không cho đổi.,0,1,0,0
"nói chung là không nên mua, lưới kém cây yếu",1,0,0,0
sản phẩm chất lượng thấp mới mua dùng 1 tuần bị hỏng,1,0,0,0
"giao sản phẩm nhanh, sản phẩm đóng gói cẩm thận. tuy nhiên nhà bán sản phẩm không kiểm tra sản phẩm đàng hoàng, kính bị trầy một bên. do người nhà nhận giùm nên không kiểm tra khi nhận sản phẩm. không hài lòng.",1,0,0,0
"kính vẫn vào nước, không như kỳ vọng",1,0,0,0
"bình thường, vẫn bị vào nước",1,0,0,0
giao sai sản phẩm nhưng tiki từ chối đổi sản phẩm. làm ăn vớ vẩn. cho 119k,0,1,0,0
"mình nhận kính vào ngày 21.8.2019. đến nay đã được gần 2 tuần khoảng 5 buổi đi bơi . lúc đầu mình khá hài lòng với chất lượng kính, giúp mình nhìn rõ lúc đi bơi lên rất nhiều. tuy nhiên ngày 8.9.2019, mình đang bơi thì miếng nhựa như trong hình bị gẫy và kính bị tuột ra. sản phẩm thoạt đầu khá ưng ý mình nhưng sau đó lại làm mình thất vọng. chính vì thế mình đề nghị cửa sản phẩm xử lý và bảo hành cho mình sản phẩm này",1,0,0,0
"giao sản phẩm rất nhanh, kích cũng khá đẹp, tốt cho đến khi kiểm tra độ cận. mình đặt 1 bên 7 độ, 1 bên 5 độ nhưng lại giao thành 1 bên 7 1 bên 1.5 độ",0,1,0,0
"kính nhìn rõ, độ cận chuẩn các mắt nhưng bị vào nước, mình đã siết dây rất chặt đến đau cả đầu nhưng vẫn bị vào nước, bơi được khoảng 50-70m là nước vào chạm đến mắt rồi, rất khó chịu.",1,0,0,0
chưa hài lòng lắm. chất lượng chưa tốt,1,0,0,0
"sản phẩm dùng được tuy nhiên vận chuyển hộp bị vỡ, nhờ đơn vị bán sản phẩm ửi hộp khác giùm. cám ơn tiki",0,0,1,0
"mình đặt tròng kính loại 2,5 trái và 5 độ phải nhưng kính giao tới lại là 0,5 trái và 2,5 phải",0,1,0,0
mình không hài lòng vì kính bị vô nước,1,0,0,0
"sản phẩm quá tệ, không dùng được",1,0,0,0
"đeo lần thứ 2 là kính bị hầm hơi, nhìn không rõ. không biết có cách nào khắc phục ko.",1,0,0,0
đặt mua kính 6-7 độ nhưng cửa sản phẩm giao kính 7 độ không dùng được,0,1,0,0
"cao su quá kém đeo, bị đau và, hở nước có thể vào",1,0,0,0
"sản phẩm giao không đúng ,phải đổi trả lại tại cửa sản phẩm.tiki giao sản phẩm nhanh hơn dự kiến!",0,1,0,0
kính không trong lắm,1,0,0,0
"tạ bẩn ở vài góc nên không biết do để ngoài lâu dính bẩn hay sao. đồng thời, tay cầm cao su mình tưởng như của brosman nhưng không phải nên hơi thất vọng tí vì cao su này cầm nhám tay, không được trơn tru như brosman. cá chất giống kiểu kẹo gôm dẻo lăn đường ấy",1,0,0,0
tọa gửi ra bị bóc vỏ nhừa ra hết phải mua vỏ khác thay,0,0,0,1
"cửa sản phẩm để bộ 2 bình xăng zippo nhưng mình khui ra thấy chỉ có 1 bình xăng và 1 hộp đá là sao vậy cửa sản phẩm.mình ỷ y kg kiểm tra sản phẩm lúc giao,và hôm nay mình lấy ra sử dụng thì thấy chỉ có 1 hộp.mình hơi bức xúc nên cửa sản phẩm cho 1 câu trả lời thoả đáng.",0,1,0,0
". đổ kiểu gì nhưng sau một tối là bay hơi sạch sang nhà thằng bạn đổ cái xăng xịn thấy 1 tuần mới hết hôm mang sang nhà nó soi tem nhãn 2 bình xăng thấy đúng là đồ lởm. làm ăn toét, dẹp cái tiệm này đi tiki ạ",1,0,0,0
sản phẩm giả. đảo khuy sản phẩm ra dùng bị chảy xăng ra nắp. check lại sản phẩm là sản phẩm giả,1,0,0,0
giao sản phẩm thiếu đặt 2 bình nhưng cửa sản phẩm giao 1 nhắn tin yêu cầu giao thêm cửa sản phẩm trả lời cho qua chuyện không giải quyết yêu cầu phản hồi từ người mua sản phẩm,0,1,0,0
mua sản phẩm new chứ có phải là sản phẩm đã sử dụng đâu. thất vọng nồi.,1,0,0,0
"giao sản phẩm nhanh, nhưng bị đảo. ghi một bộ 2bình xăng 129000 mua 2 bộ giao một bộ 2 bình trị giá 275000đ",0,1,0,0
"rất thất vọng vì là khách sản phẩm thường xuyên của tiki nhưng nhận được sản phẩm giả, xăng không sử dụng được!",1,0,0,0
"hang giao goi can than nhung xai het rat nhanh, di hoi qua",1,0,0,0
sản phẩm mới khui ra nhưng nhìn thấy coi bộ kém lắm chất lượng thì chưa biết sao luôn,1,0,0,0
xăng sản xuất tại mỹ tho các bác nhé,1,0,0,0
xăng chất lượng kém. mua 1 lần không mua nữa,1,0,0,0
sản phẩm đóng gói kỷ nhưng dung tích không như giới thiệu,1,0,0,0
xăng zippo fake. kém chất lượng.,1,0,0,0
đóng gói chưa được tốt lắm,0,0,0,1
không hài lòng cho hai sao,1,0,0,0
xăng không đạt tiêu chuẩn.,1,0,0,0
quảng cáo 2 bình nhưng mùa chỉ giao 1,0,1,0,0
mua về châm vào thì cháy hk châm hk cháy.mở ra ướt cả gòn nhưng hk cháy. thất vọng quá,1,0,0,0
"van đóng bị hư rồi cửa sản phẩm ơi vặn hoài nó không ra, không thổi khí vô được",1,0,0,0
cửa sản phẩm người mùa đưa cầu kém chất lượng,1,0,0,0
mua vợt t700. nhưng giao vợt không giống mô tả.,0,1,0,0
mua cây t700. giao sản phẩm không đúng mô tả.,0,1,0,0
"sản phẩm đúng chất lượng và mô tả của nhà bán sản phẩm. tuy nhiên vấn đề nằm ở chức năng, khi mua về mới thấy rằng nó thật sự không có tác dụng mấy.",1,0,0,0
sản phẩm giao bị gãy. yêu cầu đổi sản phẩm!,0,0,1,0
đặt xà 80 lại giao 60 nhưng tính tiền xà 80 khôn quá!,0,1,0,0
quá chán khi nhận sản phẩm. sản phẩm trung quốc chứ không phải việt nam,1,0,0,0
"chất lượng tốt nhưng thiếu, trong hình 3 thanh tạ và 4 con ốc, nhưng khi giao chỉ nhưng 2 thanh tạ và 3 con ốc. khi chat hoặc gọi điện thì không phản hồi. sau khi của sản phẩm nhận được phản hồi có gởi thêm đủ sản phẩm, rất tốt, nếu sản phẩm thiếu thì cửa sản phẩm gởi thêm không tốn phí.",0,1,0,0
đặt chiếc đen nhưng giao chiếc trắng đã đổi trả nhưng vẫn giao lại chiếc trắng,0,1,0,0
"sản phẩm quá bình thường, nhựa ọp ẹp không biết hỏng khi mô. giá quá cao không tương xứng",1,0,0,0
"tạ tay chất lượng tốt nhưng khi nhận sản phẩm thì miếng mút bao ngoài bị rách nhiều chổ phải dán keo lại mới coi được, nếu bộ phận kiểm sản phẩm làm kỷ việc này thì chắc chắn sẽ được 5 sao",1,0,0,0
"sản phẩm không giống hình. phần cao su bọc ngoài có mùi, bị rách 1 số chỗ, không rõ loại gì nhưng dính bẩn kinh.",1,0,0,0
sản phẩm bị rách phần bọc vậy có tính là giao sản phẩm lỗi không tiki?,1,0,0,0
"xà chất lượng tốt, phù hợp 1m55 trở xuống vì hơi thấp, vít bị lỗi không đưa được vào khớp nối, đề nghị tiki đổi lại giúp. mới dùng tiki nên không rõ liên hệ ở đâu để báo đổi.",1,0,0,0
"giao thiếu 04 con ốc vặn, vui lòng bổ sung để hoàn thiện lắp ráp",0,1,0,0
"giao thiếu thanh xà đơn, cty phản hồi không có trách nhiệm",0,1,0,0
"ban hang giao thieu 8 con oc ,nhan tin ma không them tra loi.kieu chi muon ban cho được hang,con sau do thi khong can quan tam .bo tay.moi nguoi mua hang can than nhe.vi mua ca set xa don ma thieu oc thi cung coi nhu bor di.lan dau mua tren tiki va cung la lan cuoi.dịch vụ qua te",0,1,0,0
tại sao chỉ có bulon nhưng không có ốc gì kì vậy á,0,1,0,0
thấp quá cao 1m9 nhưng lắp ráp vào hít lên 2 thanh 2 bên yếu không chắc,1,0,0,0
thiếu linh kiện không lắp được,0,1,0,0
độ chính xác về kết cấu tạo cân bằng chưa chuẩn lắm.,1,0,0,0
cứng cáp nhưng chiều cao thấp,1,0,0,0
"chất lượng chưa tốt, sản phẩm không đạt hiệu năng sử dụng",1,0,0,0
xà thấp không như quảng cáo,1,0,0,0
"thảm mỏng, không chất lượng, không hài lòng.",1,0,0,0
"quá mỏng, ngắn hơn so với size",1,0,0,0
trên dưới bằng nhau không hiểu quả,1,0,0,0
"sản phẩm mỏng, không ưng lắm, dễ bị rách nếu vận động trên sàn betong",1,0,0,0
nhờ vnsport liên lạc lại với tôi theo sku: 7814914251761 vì tôi chưa nhận sản phẩm và các bạn ghi nhận là đã giao sản phẩm. xin cám ơn.,0,0,1,0
"sản phẩm giống hình, nhưng chỉ thừa, rác chỉ, bung chỉ ở 1 vài nơi, mình mua giá 129k giao sản phẩm 18k tổng 147k, cao so với các loại sản phẩm khác nhưng như vậy, thất vọng! mong cửa sản phẩm kiểm sản phẩm kĩ hơn, tốt nhất trước khi giao nên kt lại đường chỉ, nhưng lại cửa sản phẩm cũng nhiệt tình tư vấn, dịch vụ tốt, sản phẩm chưa được ưng ý",1,0,0,0
"mang thời gian đầu tốt, được gần 2 tháng rồi và mới phát hiện giặt máy phải để chế độ giặt nhẹ, không rất dễ bị dãn và rách chỉ túi đựng điện thoại lót trong.",1,0,0,0
sản phẩm không phải việt nam như mình nghĩ,1,0,0,0
"quần khó chịu khi ra mồ hôi hay mặc lâu, khó mặc",1,0,0,0
"mình đặt 2 sản phẩm, nhưng gửi cho mình 1. thiếu 1 sản phẩm, đề nghị gửi lại luôn giúp mình.",0,1,0,0
"sản phẩm size chuẩn. tuy nhiên, phần quần legging bên trong quá mỏng không giữ được điện thoại khi di chuyển nhất là chạy bộ .",1,0,0,0
"vui lòng kiểm tra lại giúp. mình mua tổng cộng 30 chai. thành tiền: 1.969.000. đã thành toán , đã giao sản phẩm thành công. nhưng khi nhận xong mới khui sản phẩm thì phát hiện chỉ có 1 chai duy nhất. xin vui lòng kiểm tra phản hồi tình trạng này gấp. xin cảm ơn. tổng của mình 2 đơn: đơn sản phẩm 930110963 đơn sản phẩm 587199319 mình đã thanh toán tổng cộng: 3.938.000 vui lòng kiểm tra gởi sản phẩm bù giúp. tổng số lượng cần bù: 58 chai.",0,1,0,0
"giao sản phẩm quá trễ, hẹn 17 nhưng tận 25/11 mình mới nhận được sản phẩm",0,0,1,0
"chất lượng kém chất lượng, mồi lửa kém",1,0,0,0
"xăng bay hơi cực nhanh, sáng bơm đầy. đến tối đã bay hơi hết",1,0,0,0
sản phẩm không nên dùng rất dễ cháy,1,0,0,0
kém quá kém quá tồi không nên mua ở đây,1,0,0,0
xăng giả châm zippo được mấy tiếng là hết,1,0,0,0
xăng không chuẩn.bắt lửa cực kém,1,0,0,0
"xăng pha nước hay sao nhưng sử dụng được một lúc để lâu quyẹt không bất lữa vậy. tôi mua nhiều sản phẩm rồi, nhưng sản phẩm này tôi rất thất vọng. làm sao tin tưởng mua sản phẩm tiếp theo.",1,0,0,0
"mua 2 cái nhưng gói sản phẩm giao 1 cái, đề nghị giao bổ sung cho khách",0,1,0,0
sản phẩm bị hở khi vặn vòi thì xăng chảy cả ở cổ bình và vòi. nói chung chất lượng bt,1,0,0,0
sản phẩm nhái kém chất lượng,1,0,0,0
sản phẩm chất lượng thấp xăng không đảm bảo,1,0,0,0
xăng dùng tốt mùi không được như ý lắm,1,0,0,0
sản phẩm sét hết nhưng vẫn bán cho khách,1,0,0,0
"không cao cấp lắm đâu, không chống trượt, giá giá giá giá giá rẻ nên chất lượng vậy thôi",1,0,0,0
đề nghị tiki ngưng hợp tác với những chủng loại sản phẩm hóa chất lượng tồi! uy tín của tiki sẽ bị ảnh hưởng!,1,0,0,0
"lúc mua hết kính loại cao cấp hơn nên cửa sản phẩm đưa mình link kính này. mua về đeo thử thấy khá chật, khả năng là kính trẻ em. người lớn đeo sẽ bị cấn.",1,0,0,0
"rất mong cửa sản phẩm thay chất lượng sản phẩm . tôi nhận bị lỗi ở hai đầu, tôi thất vọng .",1,0,0,0
"dây nhẹ, chắc chắn, có thể điều chỉnh độ dài tùy ý. dùng rất tốt. bộ đếm không đúng lắm, không có hướng dẫn sử dụng đi kèm và cũng không có bảo hiểm hay pin thay thế nếu như bị hỏng",1,0,0,0
"không đáng với giá tiền. mới nhảy được vài cái nhưng máy đếm số vòng hỏng luôn. bấm quá trời bấm nhưng cứ bị đứng ở số 1, cạn lời. dây thì cũng không có gì gọi là chất lượng lắm. ra ngoài văn phòng phẩm mua dây 20k chắc nhưng đỡ bực hơn",1,0,0,0
"dây mới nhảy có mấy lần nhưng hư đồng hồ đếm bước, bị đơ bấm không được nữa, không đếm bước được luôn. sản phẩm quá tệ.",1,0,0,0
"chưa biết chất lượng ra sao, nhưng nhận sản phẩm thiếu hoàn chỉnh như vậy thật sự là không vừa lòng chút nào",0,1,0,0
sản phẩm không đếm được số lần nhảy như mô tả,1,0,0,0
"chỉ dùng cho baby, quá ngắn không thể nhảy! tại sao nhà sản xuất không ghi rõ độ dài?",1,0,0,0
nhanh hỏng quá. nhảy được tầm 1 tháng là trục quay bị đơ,1,0,0,0
"dây nhẹ, tay cầm cảm giác không chắc chắn, không xứng với giá tiền",1,0,0,0
vài hôm đã hỏng .kém chất lượng,1,0,0,0
không hề có lõi thép trong tay cầm,1,0,0,0
hơi thất vọng vì dây hơi khó nhảy,1,0,0,0
"dây hơi mỏng, chất lượng thấp so với giá tiền",1,0,0,0
dây mỏng nhẹ hơi kém khó nhảy,1,0,0,0
tệ không đẹp như trong hình huhu,1,0,0,0
đây chất lượng thấp đếm sai,1,0,0,0
"bộ đếm sai, không chất lượng",1,0,0,0
"đếm sai, có chênh lệch sai số khoảng 10",1,0,0,0
"chất lượng tốt, nhưng hơi bị xước",1,0,0,0
bán mình cái túi cũng bán -_-,0,1,0,0
"giao sản phẩm nhanh, quần hơi mỏng, ae chú ý tăng lên một cỡ cho thoải mái, mình m75 68 kg cỡ l hơi nhỏ, lên xl",1,0,0,0
"quần hơi chật, mỏng mặc dù chọn size theo đúng quy định của cửa sản phẩm. mặc bị lộ ra phần mu của nam, nhìn hơi kỳ quá.",1,0,0,0
"sản phẩm bình thường, so với giá thì là giá cao.",1,0,0,0
đặt 2 giao 1 lấy tiền 2 chịu thôi,0,1,0,0
"đánh giá không tính điểm mình dky màu toàn đen, nhưng lấy cái có màu trắng phía sau",0,1,0,0
vẫn bị sương mù dù mô tả là chống sương mù,1,0,0,0
"tôi chưa nhận được sản phẩm, vui lòng ktra lại giúp",0,0,1,0
"mình vừa mua về mới dùng sáng nay, nhưng kính bị lọt nước vào nhiều quá, bơi được tý là nước lại đầy mắt kính",1,0,0,0
"đẹp nhưng nước dễ vào, có lẻ không hợp cới hốc mắt của tôi",1,0,0,0
"mua 2 cái trắng và đen, dùng đi bơi đến ngày thứ 3 thì kiếng bị vô nước và bị mờ sương. quá thất vọng",1,0,0,0
"kính vẫn bị sương mù rất nhanh gây khó chịu khi bơi giống như các kính giá giá giá giá rẻ tiền khác. mặc dù dây đeo dễ điều chỉnh và có chốt khóa lại khi điều chỉnh lại khá tốt, nhưng dây lại không co giãn tốt dẫn đến nếu nới hơi rộng thì nước vô, nới hơi chật thì rất là đau đầu.",1,0,0,0
"thiếu mũ bơi, báo giao lại cho khách vỡn thu phí. lần sau không bao giờ mua nữa",0,1,0,0
không có chống mờ nha. bơi vài vòng là mờ tịt rồi.,1,0,0,0
"kính không chống sương như quảng cáo, đệm silicon hơi mềm không mang lại hiệu quả đàn hồi, nên mang nhiều khi bị đau do tiếp xúc với phần nhựa cứng",1,0,0,0
kính vẫn mờ chứ không có chống mờ như quảng cáo,1,0,0,0
"kính bơi bị vào nước, chất lượng kém bằng kính view trước mình dùng. hơi thất vọng với sản phẩm",1,0,0,0
"quá tệ, mới xài lần đầu nhưng nước vào đầy mắt, đưa cho bạn mang thử cũng bị vậy, nhưng giờ không biết phải làm sao với nó, trong khi mới mua và xài duy nhất có 1 lần. có được đổi cái khác không bạn ơi?",1,0,0,0
"mình mua loại có màn hình, cửa sản phẩm giao loại không có màn hình, loại mình mua giá cao hơn nhiều làm ăn vậy coi được à, đạo đức để đâu vậy?",0,1,0,0
"giao thiếu 2 cái ghế nệm. mình yêu cầu giao lại, cuối cùng nhận được câu phản hồi là thu hồi lại rồi đổi mới : . trời ơi, lắp cái xe đạp đã khổ rồi, lần này nhưng phải tháo ra, bỏ vào hộp, thu hồi, nhận cái mới, lắp lại chưa chắc hộp sản phẩm mới lại đầy đủ phụ kiện . đâu phải ai rảnh ngày nào cũng ngồi lắp. thực sự thất vọng một cách khó tả.",0,1,0,0
"sản phẩm không chắc chắn, bánh trớn hơi nhỏ",1,0,0,0
"như sản phẩm mã, không dùng được",1,0,0,0
"máy tập tốt, cả nhà người già , trẻ em , người lớn đều rất thích riêng chỉ có 3 con ốc phía sau lưng tựa vặn không vào như hình yêu cầu nhà cung cấp đổi lại ốc khác cho khách sản phẩm. xin cảm ơn!",1,0,0,0
"mình tin tưởng nhà cung cấp nên có đặt mua sản phẩm xe ys-04 vào hôm 02/10/2019 giá sản phẩm lúc đó 3.999.000đ nhưng khoảng 2,3 ngày sau thì giá sản phẩm được cập nhật nhưng 1.899.000đ. mình có thắc mắc với bên tiki nhưng họ báo không hỗ trợ giải quyết vấn đề này. giá cả thay đổi hơn 50 như này là điều bất thường và mình cho rằng tiki phải có trách nhiệm trong việc này.",0,1,0,0
xe mình vặn ốc các bộ phận không khớp nên nó kêu cạch cạch,1,0,0,0
cửa sản phẩm đóng gói nhầm sản phẩm.,0,1,0,0
nhìn gói sản phẩm hết muốn nhận,0,0,0,1
sản phẩm không giống hình ảnh.,0,1,0,0
mẫu khác với hình. không biết có phqir chinh,0,1,0,0
"đế giày dán không khít, hoặc mẫu đế cắt bị thừa. phần gần gót ở cả 2 chiếc đều hở như hình.",1,0,0,0
"có thể do mình nhúng nước bể bơi nhiều, nên chỉ sau khoảng 7-8 lần bơi là kính bắt đầu tụ sương nhiều, mặc dù ngoài việc nhúng nước bể bơi ra mình không đụng tay vào mặt trong mắt kính, cũng không dùng xà phòng rửa mắt kính. mình đã mua dung dịch chống tụ sương cùng hãng để phủ lại, và cũng hạn chế nhúng nước bể bơi sau đó, nhưng kính vẫn tụ sương. chỉ được cái nhìn dưới nước rất trong, tạo tầm nhìn tốt.",1,0,0,0
"tôi vừa nhận sản phẩm! mắt phải khi bơi bị nước vào, đảo kính lại thì bị mắt trái nước vào! tôi yêu cầu được đổi sản phẩm",1,0,0,0
"kính đẹp. không vô nước khi bơi. tuy nhiên vẫn bị đọng sương trên kính ngay ở lần dùng thứ 2, việc đọng sương là tất nhiên nhưng mình nghĩ phải dùng được vài lần mới đọng chứ.",1,0,0,0
"chất lượng tốt, nhưng gói sản phẩm có vấn đề. miếng băng dính dọc hộp đã bị bóc ra một nửa rồi. có thể trong khi đóng gói cho thiếu tờ hóa đơn vào hộp, nên bóc băng dính ra để nhét vào. như thế không chuyên nghiệp, sản phẩm giao đến thì hộp phải kín chứ, sai thì đóng gói lại từ đầu đi.",0,0,0,1
"mình có mua một em này ở ngoài tiệm thể thao, mang được mấy hôm thì kính rất dễ mờ, dễ vào nước, nên thấy kính này bán trên tiki nghĩ là tốt nên mua, về tình trạng cũng vậy. nhưng mình nghĩ có lẽ không phải do cửa sản phẩm nhưng do mình đáng lẽ nên để tiền mua một loại tốt hẳn luôn vì mình bơi thường xuyên, đành tiền nào của đó vậy.",1,0,0,0
"sản phẩm bị vô nước, kém như mình mong đợi với thương hiệu này, hic, cuối cùng mua về nhưng không xài được do vô nước nên đành xài cái kính hiệu view cũ mua trước đây.",1,0,0,0
cảm giác sản phẩm không chất lượng nên mình trả lại,1,0,0,0
đặt sản phẩm 19/7 dự kiến giao sản phẩm 25/7. ngày nhận được cuộc gọi giao sản phẩm là 8/8 khi đang vi vu du lịch. lần đầu mua sản phẩm tiki nhưng bực mình đến vậy. gọi điện nhắc mấy lần cứ vâng vâng cố gắng giao sớm nhưng mất hút.,0,0,1,0
"mua về tháo ra, kính xanh tốt. kính đen bị sứt mẻ cầu nối mũi. 2 cầu nối mũi sơ cua của kính đen lại bị cháu làm mất. chán quá chán.",1,0,0,0
trước khi xuống bơi đã ngâm nước và vảy khô nhưng kính vẫn bị hấp hơi nước bên trong mỗi lần bơi. chắc phải mua kính khác,1,0,0,0
mình order 2 kính màu đen nhưng lại giao 1 cái xanh 1 cái đen. tuyệt vời tiki. cứ như thế này tiki sẽ phát triển thịnh vượng. chúc mừng tiki.,0,1,0,0
bơi được khoảng 1 tuần thì bắt đầu có dấu hiệu bị mờ hơi nước,1,0,0,0
giao sản phẩm nhanh nhưng sai màu. đặt mua màu đen nhưng lại nhận được màu trắng.,0,1,0,0
mình đặt sản phẩm màu đen nhưng lại nhận được màu xanh trắng. mình nghĩ cửa sản phẩm hết sản phẩm màu đen nên chuyển đại màu trắng cho khách sản phẩm. nói chung tiki với cũng chỉ được đến thế thôi.,0,1,0,0
"mặc dù không vô nước hoặc vô 1 chút, tuy nhiên kính không hít chặt nên bơi 1 tẹo phải tháo vì nhìn bị mờ, có 1 chút nước vào. không thể bơi liên tục 4 5 vòng với loại kính này được",1,0,0,0
không đúng như giới thiệu sản phẩn,0,1,0,0
vở vào gót chân là phải 1 cặp chứ ai bán 1 cái bao giờ quảng cáo cũng không rõ,0,1,0,0
sản phẩm mới nhưng đã bị xước và có rất nhiều vết bẩn.,1,0,0,0
kính này hay bị nước vào mắt. mình nghĩ do trẻ em châu a mũi tẹt và sản phẩm này sản xuất không theo kiểu design cho trẻ em châu a nên sống mũi quá cao.,1,0,0,0
đánh giá không tính điểm không giao đúng màu. mình đã chọn màu rồi. thì bên cửa sản phẩm hết muốn gửi cho mình màu khác thì nên hỏi ý kiến của mình chứ. nếu không giao đúng màu thì để là màu ngẫu nhiên đi thì mình lại không bực khi nhận là màu khác như vậy.,0,1,0,0
"mua đúng size, nhưng chủ mới giặt 2 lần nhưng quần đã bị tơi chỉ ngay đũng gần muốn rách :",1,0,0,0
"không như kỳ vọng, chất vải không hài lòng",1,0,0,0
"quần nhìn như đồ giá giá giá giá rẻ tiền, chỉ thì bung muốn rách, logo thì tróc rồi bung luôn",1,0,0,0
lưng quần may không đều. không ưng ý lắm,1,0,0,0
"tôi mua 2 cái cùng loại khác màu. cái màu đen tốt nhưng cái kính màu xanh vô nước, lớp chống đọng sương cũng bị mất sau 1 lần sử dụng. tôi không hài lòng và muốn được đổi cái kính khác",1,0,0,0
"đồng ý là giá giá giá giá giá rẻ nhưng sản phẩm nhìn rất chán, lại không có logo gì của aolikes nữa",1,0,0,0
"dùng tốt, không có nhãn mác, bao bì thương hiệu nên không rõ có phải sản phẩm chính hãng không.",1,0,0,0
"giá giá giá giá giá rẻ, nhưng chất liệu không thấm mồ hôi, không dùng được.",1,0,0,0
giao thiếu sản phẩm. bộ 2 cái nhưng giao chỉ 1,0,1,0,0
nhìn không chất lượng,1,0,0,0
"sản phẩm thì giống hình,nhưng giao sản phẩm quá chậm, minh mua nhiều, nhưng sản phẩm này giao chậm quá.",0,0,1,0
"chất liệu len kém quá, cảm thấy không đáng với giá tiền. 50 50 50 50 50.",1,0,0,0
sản phẩm không đúng như quảng cáo. mẫu màu đen chắc là giá cao hơn màu trắng. tôi chọn màu đen nhưng lại giao cho tôi màu trắng. xăng thì được nhưng nhưng lại thì. chưa hiểu lắm.,0,1,0,0
xăng mấy bố pha nước! bật hoài không cháy châm lửa không cháy!,1,0,0,0
sản phẩm xăng bay hơi rất nhanh,1,0,0,0
mình mua chai xăng lần trước sài rất tốt.mình thêm một chai nửa chai sau nầy sài kg tốt như trai xăng trước nha cửa sản phẩm,1,0,0,0
xăng không bắt lửa cho lắm. xài được,1,0,0,0
đồ đểu dùng không được oke…,1,0,0,0
sản phẩm đểu đ . làm thế nào để đổi trả đây,1,0,0,0
đề nghị cửa sản phẩm xem lại nguồn sản phẩm đã nhập,1,0,0,0
đá kém chất lượng sử dụng được 1 vài lần sau đó đánh lửa rất khó phải đổi đầu sau đó thay đá mới.nhưng lại đều tốt,1,0,0,0
chất lượng kém chất lượng . xăng có mùi nồng . bất quẹt một vài làm bị đen nhanh,1,0,0,0
tôi thắc mắc trên app quảng cáo freeship nhưng tiki vẫn thu phi giao sản phẩm?,0,1,0,0
chẳng mấy khi viết bài đánh giá nhưng sản phẩm quá bẩn 🤣 không đáng tiền ạ,1,0,0,0
áo không có mác làm sao biết áo mới.,1,0,0,0
tôi order dây nhảy nhưng lại giao tôi không đúng sản phẩm.,0,1,0,0
"2 thanh không bằng nhau, mong rep sớm để có thể gửi lại ạ.",1,0,0,0
"chốt vặn không thể đóng chặt. ->mất công chú ý, căn chỉnh liên tục đòn tạ được thiết kế chỉ để làm vài động tác hạn chế, chứ nhưng tập đủ bài thì vừa ngắn vừa vướng tay. kết: chỉ nên chơi dumbbells chứ đừng tin vào cái ""đa năng"" làm gì.",1,0,0,0
giao không đúng sản phẩm !,0,1,0,0
"khi tôi đặt sản phẩm, giá sản phẩm là 289k và freeship, nhưng khi nhận sản phẩm từ tiki, tổng tiền thanh toán lại là 333k. đây là lần đầu tôi gặp trường hợp như vậy",0,1,0,0
"liên hệ tiki rất khó, ngắt quãng nên tôi comment vào đây. tôi có đơn tiki đồng ý thu hồi hẹn 20/8 rồi để đó bặt vô âm tính. trong khi shipper vẫn gia sản phẩm tôi mua đèu đều ở đó.",0,1,0,0
bao bì không như quảng cáo,0,0,0,1
nhìn như đồ cũ thật thất vọng,1,0,0,0
"mình để nghị tiki thu hồi sản phẩm và hoàn tiền, mình coi trên web thì hiểu là bộ dây kháng lực 5 dây từ kích thước nhỏ tới lớn! trên web không hề ghi rõ giá bán 1 dây! nếu giá bán cho 1 dây thì mình không bao giờ mua nữa!",0,1,0,0
"mình đặt thảm tập yoga và đã thanh toán online. nhưng cửa sản phẩm giao nhầm cái khác, nhờ cửa sản phẩm kiểm tra và gửi lại sản phẩm cho mình. mã đơn sản phẩm: 629946103",0,1,0,0
mua thảm lại giao 1 món sản phẩm khác,0,1,0,0
"thảm đẹp, dày dặn, giao rất nhanh nhưng lại là màu xanh lá, trong khi lúc mình hỏi thì báo mình là xanh dương!",0,1,0,0
mua phí tiền. mua xong vứt đi luôn vì mùi kinh khủng. không biết sản xuất bằng nhựa gì. chưa thấy sản phẩm nào mùi kinh như sản phẩm này,1,0,0,0
mình đặt thảm du lịch nhưng lại giao túi đeo chéo gấu không hiểu là làm sao,0,1,0,0
sản phẩm bị lỗi. bị nhiều đường rạng,1,0,0,0
"kích thước không đúng như giới thiệu, kích thước thật chỉ khoảng 1.5 x1.5",1,0,0,0
giao sản phẩm sai kích thước giới thiệu,0,1,0,0
size không chính xác……….,1,0,0,0
"số sai không đúng với số kg tư vấn, sợ bị chật mua trừ hao 68kg nhưng mặt 2xl bị chật",0,1,0,0
mua áo giao sản phẩm cái quần bơi lũ súc vật bán sản phẩm không có tâm,0,1,0,0
không hài lòng. sai 2xl 68kg mặt vẫn bị chật,1,0,0,0
"mình rõ ràng chọn màu xanh để đồng màu với thảm + khăn nhưng cửa sản phẩm gửi màu tím🥹 lần sau không có đúng màu thì huỷ đơn giúp, chứ như vậy hụt hẫng lắm",0,1,0,0
yêu cầu vận chuyển liên hệ với tôi gấp. giao sản phẩm lúc tôi đang bận cháu nhỏ thối thiếu tiền tôi,0,0,1,0
hai cái cùng 1 chiều nên buộc không thuận tay. chất lượng may kém.,1,0,0,0
giao khôn đúng mẫu sản phẩm,0,1,0,0
"mình nhắn cửa sản phẩm giao sản phẩm cho thảm tím đậm, thì lại giao sản phẩm cjo mình hồng cam, buồn quá! vì thảm cho con trai dùng, và màu sáng này nhanh bẩn, cửa sản phẩm đổi cho mình đi",0,1,0,0
"đặt thảm tím nhưng gửi thảm xanh, trong khi thảm tím có giá cao hơn, có mỗi cái bao bì màu tím",0,1,0,0
giao không có kèm túi và dây như quảng cáo,0,1,0,0
sài một chút là bị lún xuống dễ bám bụi khó vệ sinh,1,0,0,0
"mình mới mua trước thấy là nó chỉ dầy 7 phân, màu nó cũng chưa được đẹp lắm",1,0,0,0
mua kính trẻ em sao lại giao kính người lớn ? cho đổi lai,0,1,0,0
san phẩm khó sử dụng doi với hs nhỏ,1,0,0,0
kính như ảnh nhưng bị vào nước. lưu ý khi mua nhé,1,0,0,0
sao đặt màu đen lại giao màu xanh,0,1,0,0
nhanh rách mũ vài bữa là rách,1,0,0,0
mùi nhựa rất nồng nàn và hơn hết là đầu mình không vừa em nó. ha ha. mấy món đồ bơi này đúng là phải đến tận cửa sản phẩm để thử mới chắc ăn được :,1,0,0,0
mình đặt sản phẩm r nhưng giao trễ quá tuy là chưa lấy sản phẩm nhưng giao trễ kiểu này làm mình hơi thất vọng,0,0,1,0
"sản phẩm giao không giống như mẫu trong hình, ở trong hình thì có logo và sọc màu trắng, nhưng sản phẩm giao không có logo trên giày như ở hình và khác màu sọc, để khách sản phẩm mua nữa hoặc gắn bó với tiki thì nên coi lại cách bán sản phẩm, vì tin tưởng mới mua vậy, mẫu một kiểu giao một kiểu, nói chung không hài lòng",0,1,0,0
đeo 5 hôm thì nước tràn vào. giá quá giá cao so với chất lượng,1,0,0,0
"kính có phần đệm silicon và dây hơi cứng, đeo xong thành viền đỏ quanh mắt luôn",1,0,0,0
sản phẩm không đúng như mô tả. không đúng tên đúng mac. cửa sản phẩm làm ăn không chuẩn.,0,1,0,0
sản phẩm không đúng loại sản phẩm quảng cáo.,0,1,0,0
không đúng mặt sản phẩm cần mua,0,1,0,0
tạm ổn tốt tốt tốt tốt thôi chứ cũng không bám lắm,1,0,0,0
"không giống mô tả, không có găng tay",0,1,0,0
thiết kế rất dở. xoay trục để mở rộng cánh đòn nhưng cái đế xoáy theo. lúc cần chỉnh thăng bằng theo thủy thì đế cũng vì vậy nhưng trượt.cứ vòng vòng như vậy.,1,0,0,0
"giao sản phẩm thì nhanh. thiết kế xà đơn quá kém , cách lắp đặt rườm rà kém thông minh. bờ tường sơn thì tốt nhưng ốp gạch hoa thì trượt mạnh . không biết người hơi nặng đu lên có ngã vỡ đầu không nữa . quá thất vọng với giá trị đồng tiền bỏ ra không xứng đáng .",1,0,0,0
"không lắp được, lắp lại bị bật, giá quá cao so với chất lượng, không sử dụng được",1,0,0,0
loại này không thể bắt chặt lên tường được. bỏ qua cửa sản phẩm này dùm,1,0,0,0
"sản phẩm đẹp chắc chắn như mô tả, xà đơn không bắt bám vào mặt tường sơn nước được",1,0,0,0
"không giống hình, treo đầu dê",0,1,0,0
"không thể lắp lên tường, xà không bám chặt vào tưởng, khi đu thì xà bị trượt theo tường, suýt bị xà rơi trúng đầu",1,0,0,0
"treo khó, sử dụng không được, để nhà không chán,",1,0,0,0
sao không có quà tặng.vậy cửa sản phẩm,0,1,0,0
có một mẩu thế này thì để đánh à,1,0,0,0
hay bị trượt xuống không biết cách nào để giữ cố định được,1,0,0,0
không lắp đơcj cửa gỗ vì trơn,1,0,0,0
không lắp chặt được lên tường,1,0,0,0
bên giao sản phẩm thái độ kém!,0,0,1,0
bình thường những chi tiết nhựa không được chắc chắn,1,0,0,0
"đăng thông tin sản phẩm có tay vịn rồi khi giao không có tay vịn thì nói hình ảnh không có tay vịn, mã đấy có hai loại, loai có tay vịn hết rồi. trong khi không có thông báo hết sản phẩm hay lưu ý người mua.",0,1,0,0
đặt sản phẩm có tay vịn nhưng khi giao lại 1 loại khác không có tay vịn. cảm thấy không hài lòng,0,1,0,0
"sàn nhún bị lỗi, một chân không có gen nên không lắp được. đề nghị hỗ trợ ngay.",1,0,0,0
"sản phẩm gửi không đúng mẫu, thiếu phụ kiện giờ tôi phải liên hệ đổi trả sản phẩm như nào",0,1,0,0
"đặt màu trắng, lại giao về màu đen. bực mình thật sự",0,1,0,0
sản phẩm gia công xấu không như mong đợi,1,0,0,0
quá tệ mới mang đã bị rách,1,0,0,0
đặt màu trắng cửa sản phẩm giao màu đen,0,1,0,0
sản phẩm đặt một kiểu lúc nhận một kiểu,0,1,0,0
"máy chạy kêu quá, mình thấy phần comment mọi người cứ bảo vặt chặt vít vào với cả tra dầu nhưng mình vặn ra vặn vào nhưng vẫn kêu, haizzz, khá thất vọng",1,0,0,0
"sản phẩm phát ra tiếng ồn két két sau 1 lần tập khoảng 1000step đầu tiên, màn hình máy không hoạt động, máy bị khập khiễng phải chiêm giấy vào 1 bên chân thì mới tốt",1,0,0,0
đúng được mấy ngày hư không như quảng cáo,1,0,0,0
"máy chạy được 1 thời gian, nóng phần xilanh là kêu rất to, mặc dù tra thêm dầu nhưng không ăn thua.",1,0,0,0
"ưu điểm: đạp chế độ nặng vừa thì tốt nhược: máy đạp ồn, chỉnh chế độ đạp nhẹ thì không bàn không đạp lên xuống được và đồng hồ sẽ không nhảy",1,0,0,0
không có hd sử dụng. đồng hồ đếm bước không dùng được,1,0,0,0
"máy màu vàng đen kêu cót két, to không biết xử lý thế nào? cám ơn",1,0,0,0
máy tốt nhưng đồng hồ không lên. đã lắp pin. không biết tại đâ,1,0,0,0
khá tốt. nhưng đồng hồ không hoạt động. tập 3 ngày phát ra tiếng khó chịu,1,0,0,0
máy thì đẹp nhưng đồng hồ không nhảy số. chỉ có đứng ở số 0,1,0,0,0
phải nói là kính bơi trẻ em mới đúng. thiết kế thô cứng. tròng vô muốn đui con mắt. quá cứng.,1,0,0,0
"giao sản phẩm nhanh, đóng gói cần thận tuy nhiên phần silicon không hít chặt lắm",1,0,0,0
"mua 2 xăng 1 đá nhưng lúc giao chỉ có 1 xăng 1 đá. xong nhắn tin mấy ngày cửa sản phẩm không trả lời. cửa sản phẩm này là loại vô trách nhiệm, đảo, coi thường người mua.",0,1,0,0
"giao sản phẩm thiếu, đã phản hồi nhưng không giao sản phẩm đã thiếu. cảm thấy không bán được thì mình giúp cửa sản phẩm 1 sao vậy.",0,1,0,0
"mua thêm 01 vỉ đá nhưng cửa sản phẩm đóng gói thiếu sản phẩm, thật là tắc trách vì vậy chưa biết chất lượng thế nào cũng chỉ giành cho cửa sản phẩm 3 sao thôi,rất thất vọng!",0,1,0,0
"xăng kém chất lượng, kém như những lần mua trước",1,0,0,0
xăng kém.không ra gì.xăng đểu.chất lượng kém,1,0,0,0
chất lượng kém rồi xăng không đạt yêu cầu,1,0,0,0
"mua bộ 2 xăng 1 đá, nhưng khi khui sản phẩm lại không có đá",0,1,0,0
không hài lòng sản phẩm này .,1,0,0,0
2 hộp xăng đều bị móp méo,0,0,1,0
lỗi giao thiếu ốc size không đúng mô tả,0,1,0,0
"bé nhà e 9tuoi e xem thì dùng size mình nhưng khi giao sản phẩm về bé đi hơi chật, e có ib cửa sản phẩm để qua trực tiếp cửa sản phẩm đổi nhưng cửa sản phẩm không trả lời nên e rất không hài lòng ạ. không biết sinh ra cái mục chát để làm gì nhưng hỏi không được chủ cửa sản phẩm trả lời ạ",0,1,0,0
"mình nhận được đôi giày khác với đôi đã đặt, gửi về cho con ở quê nên không biết, hnay nhìn thấy thấy khác hoàn toàn. yêu cầu cửa sản phẩm giải thích.",0,1,0,0
bạn ơi giày nhỏ quá có đổi lại được không,0,1,0,0
mình nhận được đôi giày không giống như ảnh!,0,1,0,0
chất lượng trung bình thôi,1,0,0,0
"chào cửa sản phẩm, cửa sản phẩm gửi mình nhầm màu, nhầm size. không biết có đổi lại được không chứ không sài được",0,1,0,0
"giầy hơi nhỏ, nếu bé mang không vừa thì đổi lại như thế nào cửa sản phẩm",0,1,0,0
đặt sản phẩm màu xanh giao màu đen mong cửa sản phẩm kiểm tra sản phẩm trước khi giao.,0,1,0,0
"hơi chật , không trơn mấy",1,0,0,0
một bên có một bên không có,0,1,0,0
"đăng bài tạ 12kg, đi giao tạ 2kg. tào lao dể sợ",0,1,0,0
cầu kém chất lượng không đánh được,1,0,0,0
"khó sử dụng, có lẽ do mình chưa biết cách, đeo vào một chốc thì tụt người mất",1,0,0,0
"yên cứng phẳng lì, quan trọng là đạp thì không nổi kiểu thiết kế tào lao. nếu được trả hoặc đổi bản có bánh đà thì được chứ như giờ mua về chỉ muốn bỏ vì không tập nổi. mình quen đạp xe ở gym ngay đợt covid nên mua về mong tốt, ai dè rước cái này.",1,0,0,0
"sản phẩm gọn, dễ lắp nhưng mới đạp được 30 phút đã có hiện tượng kêu lục cục không nhưng êm như lúc đầu nữa. chưa biết tiếp theo như nào!",1,0,0,0
"cũng được không như kỳ vọng, xe đạp nút điều chỉnh tấc độ không có tác dùng. đạp 20 phút đã bị nóng máy.",1,0,0,0
"với giá này thì không mong đồ tốt, nhưng ghế ngồi ê mông quá nên không tập lâu được ?",1,0,0,0
yêu cầu gửi tôi cái yên xe.gửi sản phẩm ji toàn thiếu,0,1,0,0
"yên xe mới dùng 1 ngày đã muốn hư , đồng hồ đo nhảy loạn xạ không tác dụng .",1,0,0,0
không sài được đạp xe không ra gì hết,1,0,0,0
"quá tệ, tôi không dùng được , không biết trả sản phẩm như thế nào?",1,0,0,0
lực đạp không đều trong một vòng,1,0,0,0
"nhựa dỏm, trợ lực yếu. không cân bằng. rất tệ",1,0,0,0
nhanh bị bong lớp lót bên trong.,1,0,0,0
"sử dụng hơi tốn giấy, xài 1 lần rồi rửa là mỏng hết",1,0,0,0
cửa sản phẩm giao thiếu sản phẩm của mình.,0,1,0,0
cửa sản phẩm kỳ lắm nha đặt màu hồng .tím .giao màu tím.xanh xấu quắc khánh sản phẩm chọn màu nào thì giao màu đó chứ giao theo ý cửa sản phẩm vậy hảy để giao màu gẩu nhiên đi .để màu cho khách chọn tôi chọn màu tôi thích với lại màu hồng.tím mâc hơn mấy màu kia .định mua thêm tấm nữa dầy ai dám mua lần2 .chắc tính bán 1 lần là được rồi .,0,1,0,0
mình mua bộ thảm này mất thêm tiền túi và dây buộc nhưng khi cửa sản phẩm giao lại chỉ có mỗi thảm dây và túi mình bỏ tiền ra mua không thấy có. là sao vậy cửa sản phẩm? nhắn tin cửa sản phẩm thì không thấy ai trả lời?,0,1,0,0
"mình vừa khui sản phẩm, thảm thì oke nhưng mặt sau của thảm rất bẩn",1,0,0,0
"dù mình mua phân loại không túi và giao nội thành thì cửa sản phẩm cũng nên đóng gói cẩn thận hơn thay vì chỉ quấn 1 lớp giấy gói, không biết kín nổi 2 đầu thảm như thế này chứ?",0,0,0,1
"giao sản phẩm không đúng màu đã chọn chọn màu xanh lá cây đen, giao thành màu tím đen , giao thiếu dây buộc. tuy nhiên, cửa sản phẩm giao sản phẩm nhanh hơn dự kiến và chất lượng chất lượng tốt, kích thước đúng.",0,1,0,0
"giao sản phẩm không đúng như mô tả, chán không thèm nói. chấp nhận lấy luôn, chứ đổi tới lui mất thời gian quá.",0,1,0,0
giao sản phẩm không có sản phẩm tặng kèm vậy cửa sản phẩm. chỉ có 1 tấm thảm. cũng không đúng màu,0,1,0,0
"cái thảm thì tốt nhưng cái túi đựng vừa đụng đã rách, biết vậy mua loại không có túi giá giá giá giá rẻ được vài chục ngàn",1,0,0,0
"giao sản phẩm sai màu, thiếu túi!",0,1,0,0
"đặt màu cam, giao đi giao lại hết giao màu xanh lại giao màu tím. hết thì báo hết không làm ăn ẩu kiểu giao đại cho có lấy thì lấy không thì thôi. đó là không tôn trọng khách sản phẩm. phiền rất phiền",0,1,0,0
"mặt trước và mặt sau dính không chặt với nhau, rất dễ bung mặc dù chưa xài lần nào",1,0,0,0
đặt xanh lá nhưng giao màu gì đây?,0,1,0,0
"thảm móp, hai lớp trên dưới keo bị bong khiến thảm bị xô. mùi nhựa hơi nồng, mong xài một vài bữa sẽ hết. xài tạm ổn tốt tốt tốt.",1,0,0,0
đặt màu cam gữi màu hồng.nói chung màu gì xài cũng được.nhưng cửa sản phẩm làm vậy cảm giác khách sản phẩm không được tôn trọng.1 sao thái độ.nhưng chất lượng tốt.,0,1,0,0
giao sai màu sắc không phải xanh đen,0,1,0,0
tôi đặt màu xanh lá cây và đen như hình nhưng giao là màu đen thui. tại vì sản phẩm bị bọc lại nên không thấy màu. thôi kệ vậy.,0,1,0,0
sản phẩm lỗi màu ngay góc. cấn trên bề mặt như hình. đúng chán,1,0,0,0
mình đặt thảm màu cam nhưng cửa sản phẩm giao màu xanh … dù sao thì chất lượng tốt,0,1,0,0
"cách đặt tên cố tình làm nhầm lẫn, không trung thực, tặng kèm túi thì tăng giá bán thì cũng tương đương bán cái túi.",0,1,0,0
"sản phẩm đảo, trên thì bảo là có giao sản phẩm túi vs dây đựng, dưới lại ghi là không dây? thế là ntn, làm ăn chôp giật.",0,1,0,0
không đúng sản phẩm thiếu phụ kiện,0,1,0,0
mua về đã lỗi mép. keo bong. 2 lớp không khớp nhau.,1,0,0,0
đặt mua thảm màu cam nhưng giao lại màu hồng?,0,1,0,0
sản phẩm như kiểu sản phẩm cũ vậy cửa sản phẩm.,1,0,0,0
"giao sản phẩm thiếu dây buộc, chán cửa sản phẩm",0,1,0,0
"gửi sai màu, khá tệ cho cửa sản phẩm",0,1,0,0
có dấu hiệu hơi cũ 1 chút,1,0,0,0
"chọn mua màu xanh và có tặng kèm túi, cửa sản phẩm giao mày tím và không thấy túi đâu?",0,1,0,0
một mặt của tấm thảm bị loang lổ không đều màu,1,0,0,0
"thảm được, nhưng lúc mua thấy tặng túi đựng và dây, lúc giao sản phẩm không có",0,1,0,0
"đặt sản phẩm màu cam, xanh lá. cửa sản phẩm giao màu hồng, xanh dương",0,1,0,0
"đặt màu cam, giao màu đen, nhà bán không phân biệt được màu hay cố ý giao màu nhưng tồn?",0,1,0,0
giao sản phẩm sai màu thảm. nhiều người phàn nàn nhưng sao vẫn giao sai vậy,0,1,0,0
đặt màu xanh nhưng giao cái màu nho. vậy sao nam tập được,0,1,0,0
"mình mua lúc sale off nhưng 99k tặng kèm túi và dây buộc, nhưng khi nhận sản phẩm chỉ có thảm",0,1,0,0
thảm nhận được bị trầy xước. rất khó chịu khi nhìn thấy.,1,0,0,0
mình lấy màu xanh dương lại giao cho mh màu này,0,1,0,0
giao sai màu. mình đổi lại thế nào?,0,1,0,0
"sản phẩm giao không đúng sản phẩm , màu không đúng , nhắn tin không trả lời , phục vụ kém .",0,1,0,0
"chất lượng kém chất lượng, xài 1 lần đã đứt dây. quá chán",1,0,0,0
"đặt tạ tay mua tạ chân, chả hiểu cửa sản phẩm luôn",0,1,0,0
đặt 1 bộ tạ tay + chân nhưng cửa sản phẩm chỉ giao tạ chân,0,1,0,0
"sản phẩm thì đúng như hình ảnh, nhưng mình đặt loại 4kg/ đôi nhưng sao lại giao loại 3kg vậy ạ?",0,1,0,0
dây khóa thiết kế chưa gọn. đeo lên chân dây thừa ra rất nhiều,1,0,0,0
"dạ em đặt áo tạ nhưng cửa sản phẩm chuyển cho em tạ tay, chân ạ?",0,1,0,0
không hài lòng cho sản phẩm này,1,0,0,0
"trước mắt thấy tốt vì: 1 tạ sáng bóng, không sờn tróc 2 tập thử thấy tốt, vặn vào chắc chắn 3 giá cả tốt nếu dùng được lâu dài 4 đường kính lỗ là phi 28-30 có thể vừa với dàn tạ dùng tạ gang, tạ nhựa. chứ mấy dàn tạ ở kingsport dùng tạ thép vỏ cao su phi 50-60 rất khó kết hợp, vì đưa tạ vào vào thanh cầm phi 28 sẽ lỏng lẻo! nhưng có mấy cái lăn tăn: 1 có vẻ không fai là thép không ghỉ, nhưng chỉ được mạ lên, nên không biết được lâu không, không dám va chạm mạnh sợ tróc lớp mạ 2 thương hiệu trung quốc, không biết có phải sản phẩm trung ương hay không? vỏ hộp có vẻ ọp ẹp, không biết do quá trình vận chuyển hay do chất lượng thương hiệu. => nếu bền được không hỏng hay gỉ gét, tróc lớp mạ : 1-2 năm thì 2 sao. 2-3 năm là 3 sao. trên 3 năm thì là 4 sao, trên 4 năm là 5 sao. dưới 1 năm là 1 sao!",0,0,0,1
hơi nhẹ. số kg hơi ít so với giá tiền,1,0,0,0
có thể đổi size không vì lớn và dày quá,0,1,0,0
"nhanh hỏng, chất lượng quá kém,",1,0,0,0
đặt màu đen giao màu trắng,0,1,0,0
"đúng size,nhưng 2 đôi khác nhau ,một đôi thì thường đình,nhưng một đôi kia không biết của ai",0,1,0,0
"chỉ thừa, mang khá không êm, giá giá giá giá giá rẻ cg không đòi hỏi nhiều,",1,0,0,0
chất lượng không được tốt,1,0,0,0
đánh giá không tính điểm đặt 2 đôi màu đen thì nhận được 1 đôi màu trắng,0,1,0,0
"xà hơi yếu, khi hít bị cong cảm giác không chắc chắn",1,0,0,0
"rất phí tiền, xài được hơn 1 tháng thì xe kêu cọc lọc cực kì ồn, lắp ghép mất thời gian và khó khăn. xe cũng nặng chứ không phải nhẹ",1,0,0,0
"sản phẩm giao nhanh đúng hạn, lắp xe vận hành bình thường,có nhiều tiếng kêu không khắc phục được, nói chung giá cả phù hợp với chất lượng, tạm ổn tốt tốt tốt oke",1,0,0,0
"bộ phận lắp ráp lắp bánh xe không kiểm tra lại rất nặng, dây xich căng cứng không thể đạp nổi, bộ phận trục quay bánh xe cần xem lại chi tiết kỹ thuật xiết ốc cứng thì bánh xe không quay phải nới lỏng ốc, khi đạp bánh xe sẽ rung lắc do không siết ốc lại được",1,0,0,0
"bánh xe nhẹ quá, không hài long cho lắm.",1,0,0,0
xe bị lỗi trục giữa của 2 tay cầm bị cong vênh lệch 1 bên nên vặn ốc bị trẹo 1 bên tay cầm,1,0,0,0
"cây tay cầm lắp không được sát, cây đạp bị cong, lắp vào đạp kêu lọc cọc nhưng tiền nào của đấy. cũng tàm tạm ổn tốt tốt tốt",1,0,0,0
"xe đạp kiểu dáng đẹp, khung chắc chắn nhưng đạp bánh xe kêu rất to.",1,0,0,0
"máy chạy nhưng bị kêu, chưa êm",1,0,0,0
"1. tiếng ồn phát ra khá lớn. 2. mới xài mấy ngày nhưng cái bánh đà bị cạ vào sườn. 3. đã chọn chế độ tập nặng nhất nhưng vẫn cảm thấy nhẹ. cho nên các bạn trẻ muốn tập khối lượng nặng nên cân nhắc. tạm ổn tốt tốt tốt thời như vậy đã, sau này có gì mới sẽ update cho mọi người.",1,0,0,0
"khó ráp ,sách hướng dẫn không rỏ ràng,",1,0,0,0
sản phẩm yên bị méo . bàn đạp đụng vè nghe cụp cụp,1,0,0,0
"sản phẩm mới sữ dung được time và ít sữ dụng nhưng đã phát ra tiếng kêu lụp cụp. sản phảm kém lắm, tuổi thọ chắc không cao",1,0,0,0
"- hướng dẫn sử dụng đi kèm không rỏ ràng, đối với 1 người không chuyên về việc lắp ráp thì sẽ rất khó khăn, mang tiếng là thương hiệu việt nam nhưng nhìn không cứng cáp và khoẻ khoắn - chắn sên bị cạ vào sên rất nặng, bánh xe trước bị nghiêng xéo tóm gọn lại là trước đây là mua ghế gập bụng của bg, bây giờ mua thêm xe đạp tập thể dục nữa nhưng sẽ không bao giờ mua sản phẩm của bg vì sản phẩm không mang lại cảm giác hải lòng",1,0,0,0
cửa sản phẩm xem em nhận hom nay lắp xong thấy cảm biến đồng hồ chỉ không đúng. đạp thử thấy tiếng ồn rất to . thanh trục toàn bị rời ra,1,0,0,0
hài lòng -giao sản phẩm đúng hẹn - đúng size không hài lòng - đặt rx giao gx - đặt đen giao xanh => tết nhất đến nơi rồi khỏi đổi trả,0,1,0,0
"mua sản phẩm trên tiki cũng nhiều, mọi sản phẩm đều hài lòng, chỉ có cái này thấy có vài chổ không đúng nên feedback cho mọi người: - thứ nhất: mình check giá trên web prowin thì chỉ tầm 249k nhưng đây ghi giá thị trường >400k, mình không biết web và tại cửa sản phẩm có khác không , mặc dù giữa 2 dòng plus và rx không chênh lệch nhau về giá. nhưng nên ghi cho đúng sản phẩm. - thứ hai: sai màu, đặt là đen đỏ, thì giao đỏ trắng cái này chắc cũng do khác loại như trên điểm cộng: giao sản phẩm nhanh. đặt thứ 2, thì tiki báo sau 1 tuần mới nhận sản phẩm, nhưng đến t4 là đã nhận được",0,1,0,0
mình đặt đôi rx đen size 39 đơn sản phẩm số 560313594 giá sau sale là 225k nhưng lại nhận được giày đen prowin fx plush đen giá sau sale là 199k. mình cần tiki giải quyết ngay việc này chứ tại sao lại giao sai sản phẩm như vậy. lần đầu tiên mua sản phẩm tiki nhưng bực bội như vậy,0,1,0,0
"bình thường mua các loại khác cỡ 43 tgif vừa,nhưng loại này lại rộng hơn bao nhiêu,về không đi được",1,0,0,0
"cho mình hỏi đơn sản phẩm mình mua là được tặng kèm tất, nhưng khi mình nhận sản phẩm lại chỉ có giày ,không có tất là sao?",0,1,0,0
"phần đóng gói hơi ẩu thả ,hi vọng lần sau để ý hơn.",0,0,0,1
"không như mong đợi, đây, bí",1,0,0,0
"sản phẩm thiết kế không được tốt, đứng lên xoay cảm giác bị ọp ẹp, không có thiết kế bàn chân trên bàn xoay",1,0,0,0
mềm quá. nếu người có trọng lượng lớn sẽ rất khó xoay và dễ hỏng.,1,0,0,0
"sản phẩm mã kém chất lượng. vải mỏng, xương yếu",1,0,0,0
"không đẹp như mong muốn, hơi bị rộng",1,0,0,0
tạ 1 quả bị lỗi thủng nhựa ở 2 đầu tạ,1,0,0,0
"mình nhận sản phẩm thấy cao su có vẻ kém chất lượng, 1 đầu có vết rách",1,0,0,0
đơn sản phẩm giao thiếu. đã khiếu nại tiki và gọi cửa sản phẩm nhưng vẫn chưa được xử lý,0,1,0,0
đặt mua tạ 1kg lại giao loại 2kg. làm sao tập đây,0,1,0,0
giao không đúng màu đã chon,0,1,0,0
"đặt 2 đôi, giao có 1 đôi. tính tiền 2 đôi. online nhưng không phản hồi tin nhắn",0,1,0,0
"co giãn kém, không ôm chặt",1,0,0,0
sản phẩm để là 1 đôi - tiếng việt mình hiểu là 1 đôi gồm 2 chiếc. giao sản phẩm 1 chiếc. vậy có được gọi là gạt ko?,0,1,0,0
đơn sản phẩm báo 1 đôi nhưng khi nhận sản phẩm chỉ có 1 chiếc.,0,1,0,0
chỉ có 1 cái nhưng ghi là 1 đôi,0,1,0,0
dây cứng đeo lâu hơi đau.aaa,1,0,0,0
kính có độ cận rõ. nhưng chống nước kém,1,0,0,0
mua lần thứ 2. chống hấp hơi được mấy ngày đầu thôi. sau vẫn bị như thường,1,0,0,0
"cửa sản phẩm ơi, sao giao thiếu cho mình mấy cục mút rồi cửa sản phẩm, với lại óc có thiếu không sao mình lắp vô rồi nhưng vài chỗ không có ốc nè cửa sản phẩm! nếu bị thiếu thì cửa sản phẩm liên hệ gửi thêm giùm mình giúp với nhé. !",0,1,0,0
nhận được sản phẩm thấy tạm ổn tốt tốt tốt tốt. giao sản phẩm bị thiếu 2 con ốc và khóa nhựa,0,1,0,0
"vật liệu làm rất mỏng, vật tư không đồng nhất",1,0,0,0
"giá thì tốt, nhưng không như mong đợi. không gập được để xếp gọn lại. bề ngang nhỏ, không chắc chắn chỉ phù hợp người 50kg trở lại. ốc ngắn rất khó chốt chặt.",1,0,0,0
sản phẩm cảm giác mỏng manh. chốt cố định không chốt đinh váo được do bị lệch. móc lò xo kéo mỏng yếu rất sợ kéo một thời gian dùng kéo bị bật vào mặt.,1,0,0,0
thiết kế kém quá. hơi thấp không gấp gọn được hơn.,1,0,0,0
cực kỳ tệ. sản phẩm không đúng mẫu. giao thì thiếu ốc vít. hướng dẫn thì không đúng. làm ăn . đổi trả 1 lần cuối cùng y chang. cần loại mấy gian sản phẩm như thế này khỏi tiki,0,1,0,0
sản phẩm đẹp chắc chắn. mỗi tôin công năng không phù hợp với mình. ghế hơi thấp. tư thế tập hơi bó,1,0,0,0
"nhìn chung cũng giá giá giá giá rẻ, dễ lắp, nhưng hơi yếu yếu phù hợp với nữ hoặc nam có thân hình nhỏ gọn, không quá nặng :d chưa tập nhiều nên không biết có bền không",1,0,0,0
sản phẩm giao sản phẩm quá lâu mình đặt sản phẩm hôm 16/07 nhưng mãi đến ngày 29/007 gì đó mình mới nhận được sản phẩm cơ bản đáp ứng đúng nhu cầu của mình tuy nhiên không hiểu sao mình lắp vẫn thừa 1 cái ốc nhưng không biết ở chỗ nào :,0,0,1,0
đơn sản phẩm 534577844 ngày 25 tháng 9 năm 2 :37:50 +07 thiếu 2 cái móc chốt ở lò xo. dù mình đã tìm banh cái hộp cũng không thấy. và đã liên lạc tổng đài tiki đến nay vẫn chưa được giải quyết. mong được cửa sản phẩm và tiki giải quyết gấp! thanl,0,1,0,0
giao sản phẩm chậm,0,0,1,0
chất lượng tốt nhưng hơi thấp . nhỏ,1,0,0,0
khung sườn hơi yếu,1,0,0,0
em lục tung trong hộp nhưng vẫn không tìm được khớp nối để nối giữa trụ đứng và yên tập hết. mong cửa sản phẩm kiểm tra lại giúp em. xin cảm ơn ạ,0,1,0,0
đặt sản phẩm từ hôm 17-10 đến giờ vẫn chưa nhận được sản phẩm. hôm trước có nhân viên giao sản phẩm gọi điện đến bảo giao sản phẩm xong cũng không thấy đâu. quá thất vọng!,0,0,1,0
cửa sản phẩm check giúp mình thiếu gì? liên hệ bổ sung cho mình.,0,1,0,0
"sản phẩm giống hình. tuy nhiên: đệm ghế rất yếu, chỉ cho trẻ em ngồi, người lớn ngồi chắc vài hôm là hỏng nên sẽ phải gia cố. chốt hãm không được thuận tiện. nói chung là chất lượng chưa tương xứng với giá chỉ tầm 4_5 trăm là hợp lý",1,0,0,0
thiếu mất 2 cái móc vào lò xo. và sau ráp xog thì vẫn thấy thiếu so với hình và clip trên youtube,0,1,0,0
chất lượng rất tê. tôi mua về không dùng được giờ chỉ muốn ném đi.,1,0,0,0
cửa sản phẩm bán sản phẩm bậy bạ giao sai sản phẩm đề nghị trả lại tiền tiki làm ăn mất uy tín,0,1,0,0
"giao sai sản phẩm , giao sai sản phẩm",0,1,0,0
"túi như hình chỉ có điều hơi mỏng,",1,0,0,0
"đóng gói kỷ có bảo hành , nhưng màu kg giống hình !",0,1,0,0
mình thấy không có phần chyn bộ cảm giác đeo thì hơi bó,1,0,0,0
"quảng cáo không rõ ràng. khi giao sản phẩm chỉ có một cái, không ai mua một cái bao giờ cả. không thích kiểu làm ăn như vậy.",0,1,0,0
không hài lòng ! nhà bán không rõ ràng ! giao sản phẩm không cho kiểm tra số chiếc !,0,1,0,0
cửa sản phẩm nên nói rõ là sản phẩm chỉ gồm 1 cái cho khách biết nhưng đặt 1 đôi,0,1,0,0
có 1 chiếc thôi à ? tưởng 1 đôi!,0,1,0,0
không vừa chân. mang tuột dù lấy size nhỏ nhất,1,0,0,0
quá dày và nặng. không hợp,1,0,0,0
"không vừa tay người dùng, nên tư vấn size sản phẩm với người dùng",0,1,0,0
căng bị trùng do không có dây xuyên giữa,1,0,0,0
"tôi vừa nhận được bộ sản phẩm. thiếu nguyên bộ ốc + tay kéo lò xo. đặt tiki nhiều lần nhưng lần này mình cực kỳ thất vọng. không có bộ ốc vít thì mình lắp đặt và sử dụng thế nào, đề nghị có phương án hỗ trợ khách sản phẩm",0,1,0,0
giao sản phẩm đúng hạn. mẫu mã đẹp. nhưng ốc ở giữa ráp không vào nên tất cả thành vô nghĩa. khuyên mấy bạn kiểm tra mấy chỗ này trước khi nhận sản phẩm. tốt hơn là mua loại khác.,1,0,0,0
"thân ghế không thẳng, các đinh vít vặn không sát, thiếu cảm giác chắc chắn. nhưng tốt trong tầm giá",1,0,0,0
ghế bị vênh dù đặt trên nhiều mặt phẳng khác nhau. đề nghị thu hồi hoặc đổi sản phẩm,1,0,0,0
nói chung cũng tốt vẫn chưa chắc chắn lắm,1,0,0,0
"tôi mới nhận sản phẩm buổi sáng, tối tôi tập thì bị gãy chốt rồi",1,0,0,0
sản phẩm không được như trong ảnh. phụ kiện giao nhầm,0,1,0,0
ghế không được chắc chắn như hình.,1,0,0,0
sản phẩm không như kỳ vọng. có 1 vị trí bị lệch không thể bắt ốc,1,0,0,0
"em vừa nhận được hqua sau 1 tuần đặt sản phẩm. xã nhà em vừa tập được 2 cái thì gãy như này, giờ em không biết phải làm sao.",1,0,0,0
"sản phẩm rao thiếu ốc đề nghị cửa sản phẩm gửi bổ sung ,nếu không đầy đủ mình xin trả lại sản phẩm",0,1,0,0
"bị chênh không chỉnh được chiều cao, và vị trí gấp sắt bị cong",1,0,0,0
giao sản phẩm thiếu bù và ốc. để nghi kiểm tra cần thận trước khi giao.,0,1,0,0
chưa dùng đã bị gãy.chất lượng kém chất lượng,1,0,0,0
"không đúng như hướng dẫn, đề nghị tiki xem lại đơn vị bán sản phẩm",0,1,0,0
phần móc ở dây kéo thay vì kim loại thì lại làm bằng nhựa ở phần móc thì không thể bền được nhưng giá vậy thì không thể hy vọng gì hơn,1,0,0,0
"sản phẩm về không có óc vích gì hết, kém",0,1,0,0
không hợp lý và không hợp giá tiền. sản phát quá nhỏ,1,0,0,0
hướng dẫn sử dụng không rõ lắm,0,1,0,0
không như quảng cáo- nhìn không,0,1,0,0
đặt sản phẩm loại pro. đếm số điện tử. nhưng cửa sản phẩm giao loại đếm số cơ?,0,1,0,0
"sản phẩm có thể bị lỗi, nút đếm số không chạm được vào mép kìm khi bóp.",1,0,0,0
"sản phẩm hư nút nảy số bóp không nảy số, kém chất lượng",1,0,0,0
"giao sai mẫu, liên hệ nhiều ngày không phản hồi, cửa sản phẩm uy tín, chính hãng nhưng thiếu chuyên nghiệp.",0,1,0,0
"bị vô nước, kém lắm",1,0,0,0
mua 2 đen 1 xám nhưng gửi 3 đen.,0,1,0,0
"vẫn bị sương mờ, giao sản phẩm nhanh",1,0,0,0
giao sản phẩm cả 3 cái không có nút bịt tai,0,1,0,0
"gửi màu đen xấu quá. đáng lẽ phải cho khách chọn màu. ngoài ra thì tạ đúc chắc chắn, giống trong hình. gửi màu ngẫu nhiên",0,1,0,0
tạ chắc chắn đúng như hình. nhưng giao thiếu cặp tạ 1 kg và 4kg vẫn không xử lý cho mình.,0,1,0,0
"sản phẩm không đúng loại tôi đặt mua, yêu cầu đổi gấp.",0,1,0,0
"sản phẩm nhận được và hình ảnh không giống nhau, không hiểu bán sản phẩm kiểu gì vậy",0,1,0,0
kính thước nhỏ hơn thảm dùng tạm ổn tốt tốt tốt tốt,1,0,0,0
bình nước không kín ngay cả khi vặn nắp cẩn thận khiến nước chảy khi nghiêng bình. rất bất tiện nếu bỏ bình nước trong balo.,1,0,0,0
"như chơi trẻ con, yếu ớt, không vững vàng. nhỏ xíu. không đáng tiền",1,0,0,0
"không chắc, cảm giác không an toàn",1,0,0,0
săn phẩm không bám dính tốt,1,0,0,0
sản phẩm mới mua nhưng hở keo hết,1,0,0,0
"nắp hơi lỏng, bị rỉ dung dịch ra ngoài mặc dù đã đóng nắp kỹ",1,0,0,0
sản phẩm lỗi không trải nghiệm được,1,0,0,0
"bị gãy, nào lên tiếng thì mới có giá trị",1,0,0,0
độ bám của dụng cụ chưa an toàn,1,0,0,0
hơi đau tay khi sử dụng do không có đệm,1,0,0,0
"bảng hướng dẫn không rõ ràng , khó sử dụng",0,1,0,0
chất lượng kém hơn loại 250 nhưng bán 390k. bịp bợm,1,0,0,0
"sản phẩm quá tệ, mua về cũ , xài vài lần kêu lạch cạch rùi ra cái bụi bẩn gì màu đen. điên quá vứt luôn không chấp nhận được bán sản phẩm không có tâm",1,0,0,0
"giáo sản phẩm nhanh , đóng gói cẩn thận như khi sử dụng bên trong không chất lượng ,dùng vài hôm đã bị hỏng rồi",1,0,0,0
"màu vàng không đẹp như hình nha ace, xấu lắm",0,1,0,0
phần trong vỏ bị chuyển màu xanh ruột thì xước và bị kẹt phải lấy dây thép để rút ra cửa sản phẩm bán sản phẩm kiểu gì vậy,1,0,0,0
"giao sai sản phẩm không đúng như quảng cáo, sản phẩm giao giá giá giá giá rẻ tiền hơn, đang yêu cầu trả đổi",0,1,0,0
tặng bao tay trẻ em ak. quá chán,0,1,0,0
"đặt mua 3 kính bơi, thì được tách thành 2 đơn . 1 đơn nhận đúng mã view aqurio v550a. 1 đơn nhưng lại là kính phoenix . đề nghị trả lại sản phẩm",0,1,0,0
"kính view thì đẹp và tốt nhưng màu không giống mô tả, xanh dương chứ không phải xanh lơ! đây là lần thứ hai bị lỗi màu này! đổi trả nữa mất công quá!",0,1,0,0
"sản phẩm này có kích thước là 80-100cm hay 80 - 130 cm vậy cửa sản phẩm, sao kích thước trên tên sản phẩm và mô tả khác nhau vậy",0,1,0,0
giao không đúng màu sắc như đã đặt sản phẩm,0,1,0,0
giao không đúng sản phẩm. mua có tay cầm,0,1,0,0
"đặt sản phẩm v31 và v31a, nhưng giao sản phẩm đều là v31",0,1,0,0
thiếu sản phẩm. cái thanh ngang bị thiếu. yêu cầu cửa sản phẩm gửi lại đủ bộ giùm mình. gang tay tặng không hề giống hình. là cái ống vải có lỗ. ủa alo cửa sản phẩm? cửa sản phẩm lớn nhưng làm ăn kì cục vậy,0,1,0,0
trong hình có thêm 1 cây ngang sao trong bộ không có . với trên hình đề tặng 1 bao tay nhưng trong sản phẩm không có,0,1,0,0
"quà tặng không đúng như thông tin mua sản phẩm, quà tặng nhận được là vớ quấn bảo vệ cổ chân và cổ tay, không phải găng tay.",0,1,0,0
tôi đã nhận sản phẩm nhưng không nhận được sản phẩm khuyến mại. chưa có hướng dẫn tập cụ thể cho các bài tập tác động nhóm cơ nào khi thay đổi vị trí tay cảm .,0,1,0,0
không có 2 cây dài như trong hình,0,1,0,0
"sản phẩm chất lượng cao, đã qua rất chắc chắn mỗi cái là quà hình ảnh 1 đằng nhưng gửi thì rất thất vọng",0,1,0,0
giao sản phẩm không giống hình. giá mắc hơn mua ngoài gấp 2,0,1,0,0
"mới tập được có tí nhưng dây kháng lực đứt luôn, chán, phí tiền đừng mua",1,0,0,0
sản phẩm thiếu và không giống với hình minh hoạ,0,1,0,0
chất lượng tốt nhưng hướng dẫn sử dụng nhưng sơ sài,0,1,0,0
"trong đơn sản phẩm có quà tặng là găng tay, nhưng thực tế không có.",0,1,0,0
mua loại gập được ! nhưng cửa sản phẩm lại giao loại nguyên tấm ?,0,1,0,0
giao thiếu sản phẩm thiếu thanh dài,0,1,0,0
mình mua sản phẩm này nhưng giao bóng có gai . đến giờ đổi sản phẩm nhưng chưa nhận được sản phẩm . buồn ghê,0,1,0,0
cho mình đổi lại quần được không vậy quần nhỏ quá,1,0,0,0
giao không đúng sản phẩm. không cho kiểm tra.,0,1,0,0
"sản phẩm có ống miếng đệm bảo vệ ống đồng, mình mua cả 2 cặp đều không có, trong khi hỏi là có sản phẩm bảo vệ bọc ống đồng để nghị kiểm tra lại, nếu không có thì xin tiki nhận lại sản phẩm này.",0,1,0,0
khi bán sản phẩm nên nói rõ là không có miếng ống đệm mới đúng. chụp hình như vậy ai cũng nghĩ là có miếng bảo vệ ống chân. rất thất vọng,0,1,0,0
không giao đúng sản phẩm đặt. thiếu ống đồng,0,1,0,0
giao sản phẩm chậm 2 ngày so với thông báo. chất lượng tốt!,0,0,1,0
sản phẩm ghi tặng kèm túi nhưng không hề có!,0,1,0,0
"giao thiếu sản phẩm, chỉ có vòng nhưng túi đựng thì không thấy đâu.",0,1,0,0
"dear cửa sản phẩm, vui lòng giao lưới cho đơn sản phẩm vành bóng rổ kèm lưới cho đơn sản phẩm 773175925. hôm thứ 7 tôi không có ở nhà, nhờ người nhà nhận giúp sản phẩm của tiki, khi về đến nhà mở sản phẩm ra mới thấy cửa sản phẩm không kèm theo lưới như quảng cáo.",0,1,0,0
cái chân nó bị cong nên không hài lòng,1,0,0,0
mình đặt sản phẩm là 40cm nhưng giao sản phẩm lại là 35cm. thất vọng quá,0,1,0,0
"rỗ quá to, với lại banh nhỏ hơn rỗ thế tập không được",1,0,0,0
"mình đặt sản phẩm sản phẩm màu đỏ giá 78.000 đồng, cửa sản phẩm giao sản phẩm màu xanh giá 48.000. đã như vậy nhưng mất thêm 19.000 tiền vận chuyển => mình rất ghét khi có rất nhiều lần mình bị cửa sản phẩm ""cố tình"" nhầm như vậy vì thường khách sản phẩm họ không thích đổi đi đổi lại cái kiểm này .đề nghị tiki xem lại cách bán sản phẩm của cửa sản phẩm này. tóm lại rất bực mình và có cảm giác bị",0,1,0,0
"sao cái đĩa xoay mình nhận được không giống sản phẩm quảng cáo, không hề có huyệt bàn chân như cửa sản phẩm đăng",0,1,0,0
giao sản phẩm nhanh nhưng không giống hình đã chọn,0,1,0,0
"mua về xoay được 1 lần chán không xoay nữa, xoay êm nhg nhưng đứng xoay người cũng xoay tròn, xoay tí chóng cả mặt. thêm nữa xoay nhanh 1 tí là quay vòng vòng, quấn cái chân lại thế là té luôn. cái chỗ để chân hẹp quá, đứng lên xoay không thoải mái. xoay từ từ chơi chơi thì được, chứ chả có hy vọng gì vào giảm eo, giảm cân đâu.",1,0,0,0
sản phẩm mình nhận được đóng gói rất kỹ. rất hài lòng. nhưng màu sắc không giống như hình. sản phẩm mình nhận được lại có 2 mặt đều màu vàng. nhìn ọp ẹp hơn cái của mẹ đang dùng. để coi thử xài lâu có bền hay không. vì đó giờ luôn tin vào chất lượng sản phẩm hoá trên tiki.vn.,0,1,0,0
dùng cái này lâu bị vỡ mạch máu ở dưới lòng bàn chân bầm đen đau nhức,1,0,0,0
"chất lượng tương xứng với giá tiền. đĩa xoay eo không bám vào nền nhà lắm, cảm giác không thoải mái và êm bằng đĩa sắt mình đã mua",1,0,0,0
"sản phẩm có thiết kế nhỏ gọn, dễ di chuyển vì cũng rất nhẹ.đây là sản phẩm dùng để tập luyện tại nhà khá tốt, không mất thời gian vì có thể tập mọi lúc, cũng có thể vừa tập vừa xem tivi chẳng hạn. chỉ có một điều là khi sử dụng thì nên đặt chân đúng theo hình, vì nếu không lúc xoay sẽ gây ra tiếng xẹt rất khó chịu và sợ sẽ làm vỡ đĩa. với giá thành khá mềm thì chất lượng như vậy cũng được xem là tạm ổn tốt tốt tốt tốt rồi.",1,0,0,0
"khi dùng, mình phải bám tay vào dây mới cảm thấy an toàn để xoay đĩa. khối lượng cơ thể không thể phân bố đều khắp các mép đĩa nên nếu tập trung ở mép nào nhiều hơn thì 2 mép đĩa sẽ cà vào nhau kêu xẹt xẹt và vẹt mép đĩa. khi chuyển trọng tâm thì lại bị cà ở chỗ mép khác. nói chung khi dùng mình rất sợ vỡ đĩa, nhưng mình chưa đến 60kg.",1,0,0,0
bàn xoay nhỏ gọn và nhẹ nên có thể đem đi nhiều nơi. rất đơn giản khi tập xoay eo với sản phẩm này. thiết kế những gai nhựa trên mặt bàn xoay giúp bàn chân được cố định khi tập. tuy nhiên mình chưa thấy dụng massage các huyệt vị ở lòng bàn chân của bàn xoay. khuyết điểm của sản phẩm là mặt dưới có độ bám kém nên khá trơn khi đặt trên mặt phẳng như nền gạch hay sàn gỗ khi tập mình phải đặt bàn xoay trên thảm . các đường biên bằng nhựa không được cắt gọt chỉn chu nên nhìn hơi thô và có cảm giác sản phẩm không bền chắc.,1,0,0,0
lực chịu đụng không cao. ở bàn chân nhựa cứng tạo cảm giác đau chân.,1,0,0,0
"khi nhận sản phẩm không được như mong đợi thiết kế yếu, không nên mua",1,0,0,0
"chỗ để chân xoay 1 lúc rất là đau bàn chân, nhưng lại rất là tốt",1,0,0,0
"sản phẩm này dùng rất hiệu quả để giảm vòng 2 nhưng nhưng lưu ý xíu là người trên 50kg nên dùng loại sắt á chứ loại nhựa chịu trọng lực hơi yếu, mình 45kg xoay hồi lâu là nghe tiếng kêu kẹt kẹt rồi. nhưng với giá này thì dùng cũng được nha.",1,0,0,0
"để chân lên thì đau, xoay cho vui chứ không thấy xuống kí nào",1,0,0,0
"sản phẩm thiết kế đơn giản, màu sắc đẹp. chất liệu làm bằng nhựa tốt, bền, chịu được trọng lượng lớn. đây là sản phẩm rất tốt khi tập luyện giảm mỡ bụng, nhẹ, nhỏ gọn nên có thể đem theo khi đi làm hay tập luyện ở công viên. nhưng do thiết kế có phần hạn chế nên sản phẩm không tối ưu trong việc tập luyện làm tăng cơ bụng.",1,0,0,0
"máy chỉ phù hợp với trẻ em tập đi bộ hoặc tập chạy, ọp ẹp, không chắc chắn…",1,0,0,0
"máy mua mới một ngày và chỉ sử dụng được một lần là bị hư rồi, mình muốn trả lại để mua máy khác",1,0,0,0
"máy bị lỗi e7, không sử dụng được",1,0,0,0
"thiết kế ng , khớp nối tròn nên vặn không thể chắc chắn. tập vài cái lại lắc lắc quay ,tập được 1 lần là vất xó luôn.",1,0,0,0
cửa sản phẩm giao thiếu 1 miếng tạ 1.5kg và 1 miếng tạ 1.25kg. dịch bệnh đi lại khó khăn nhưng cửa sản phẩm mua việc quá. yêu cầu đổi trả giúp ak.,0,1,0,0
bán tạ 20kg mk về chỉ được 17kg5,0,1,0,0
"bộ tạ tốt, nhựa cứng rất chắc chắn cửa sản phẩm giao thiếu quà là dây kháng lực",0,1,0,0
tốt. có điều thanh nối không được chắc chắn lắm. hài lòng,1,0,0,0
"sản phẩm khá oki nhưng giao sản phẩm chán. đi làm nên hẹn giao 16h30 nhưng báo 16h30 nghỉ rồi, tới kho lấy",0,0,1,0
2 miếng 2kg bị bể dẫn đến chảy xi măng ra,0,0,1,0
nhà cung cấp đóng gói thiếu 1 chốt chặn tạ. bộ có 4 cái thì chỉ giao sản phẩm 3 cái. bây giờ thiếu lắp tạ kiểu gì?,0,1,0,0
sản phẩm đểu khong như quảng cáo,1,0,0,0
đánh giá không tính điểm mình mua 4 ghế màu vàng nhưng lại giao 4 ghế màu xanh bộ đội,0,1,0,0
lực nhẹ quá không phù hợp cho nam,1,0,0,0
"chất lượng dịch vụ kém, vì vậy sẽ chỉ được 1 sao cho tổng thế",0,1,0,0
dây nhỏ mỏng manh quá không biết có bền không nữa,1,0,0,0
hỏi cửa sản phẩm thì bảo giao đúng mẫu nhưng giờ giao lại mẫu này,0,1,0,0
chất lượng kém. nên tìm mua chất lượng tốt với giá cao hơn,1,0,0,0
"chất liệu cotton nhăn nhiều, may chưa tốt, gấu áo được vắt sổ nhưng gấu quá ngắn khi bận toàn bị lật lên như hình.",1,0,0,0
"màu trắng hay đen đều may như nhau, gấu áo vắt sổ quá ngắn, bận vào toàn bị lật ngược như hình",1,0,0,0
"giá tiền như vậy không đòi hỏi chất lượng. nhưng nó quá tệ! tay cầm chơi 15p đã bong hết tróc, 3 hôm sau lưới trùng. bỏ.",1,0,0,0
"vợt bị gãy, yêu cầu đổi sản phẩm",0,0,1,0
tôi chưa nhận vợt sao đã tích giao sản phẩm thành công rồi vậy.,0,0,1,0
thất vọng tràn trề .mua màu trắng sữa +đỏ nhưng nhận sản phẩm thì màu đây trắng trong +đỏ,0,1,0,0
"đơn ghi trọng lượng sản phẩm là 1,13kg, cho bình nước chưa được 300gr : . phải chi bình nước có nắp đậy cho an toàn vệ sinh. gía khá chát",1,0,0,0
"bao tay không giống hình cũng như của những người mua trước, không biết lỗi này của ai, của tiki hay nhà bán. nhưng sản phẩm thì mình đã lắp dùng khá tốt, nếu có hướng dẫn bằng tiếng việt thì tốt hơn.",0,1,0,0
mình không nhận được găng tay,0,1,0,0
"sản phẩm có dấu hiệu bị rỉ, có vết xước. theo nhà sản xuất thì có thể dài đến 130cm nhưng để đảm bảo an toàn mình thấy nên dùng 115cm đổ lại. vẫn khuyến cáo nên gắn chặt vào tường có phụ kiện đi kèm",1,0,0,0
xà thì oke chứ sản phẩm đi kèm thì chê nha. rõ ràng cái chất liệu bao tay trong hình ảnh quảng cáo và thực tế khác nhau 1 trời một vực. nhiều người cũng bị chứ không chỉ riêng mình.,1,0,0,0
xà tốt. mình không thích bao tay này lắm nên thấy bị hụt hẫng khi bao tay mình muốn thì cửa sản phẩm lại tự đổi. sẽ không có gì nếu cửa sản phẩm không để hình tặng 1 kiểu giao 1 kiểu.,0,1,0,0
không phản hồi tin nhắn khách sản phẩm,0,1,0,0
giao thiếu ốc vít để bắn tường,0,1,0,0
mua cùng sản phẩm bóng yoga nhưng giao sai màu sai kiểu phản hồi không thèm đổi trả im im luôn. sẽ không quay lại lần 2.,0,1,0,0
"hình ảnh sản phẩm tặng một kiểu và thực tế một kiểu, nhưng sản phẩm mua thì tốt",0,1,0,0
"xà quá yếu khi sử dụng cho kích thước 1m, xà bị võng xuống nên không dám tập luôn",1,0,0,0
"khung xà chắc chắn, nhưng hơi tiếc nói đi kèm găng tay thì lại giao 2 cái miếng bảo vệ khuỷu tay, hơi thất vọng chút.",0,1,0,0
chất lượng tạm ổn tốt tốt tốt tốt. gang tay không giống hình,0,1,0,0
lý do vì sao để sản phẩm kèm găng tay nhưng giao thì có. làm ăn bố bố lếu,0,1,0,0
đặt đơn 2 chiếc giao 1 chiếc tính 2 là sao cửa sản phẩm,0,1,0,0
"tôi bị giao thiếu găng tay, đã gọi điện lên tiki phản ánh, bảo đợi hết giãn cách giao bù nhưng đến nay không thấy động tĩnh gì.",0,1,0,0
đầu nối hơi bị cạn nên kéo mấy lần là bị bung,1,0,0,0
đơn sản phẩm kích thước là 83-130 cm nhưng đến lúc giao sản phẩm lại là 60-100 cm là sao?,0,1,0,0
"găng tay không đúng,đề nghị cửa sản phẩm gửi đúng sản phẩm quảng cáo",0,1,0,0
"xà đơn oke, quà tặng không đúng như hình ảnh",0,1,0,0
so thiếu mất một đầu cao su cửa sản phẩm nhé. nên hiện tại chưa lắp để sử dụng được.,0,1,0,0
chưa nhận được sản phẩm nà đã báo giao thành công là sao,0,0,1,0
"không như hình, kém",1,0,0,0
bình thường cau không nhay làm,1,0,0,0
không hiệu quả như giới thiệu,1,0,0,0
"không câu được gì hết, lưỡi câu quá to",1,0,0,0
hình ảnh vừa nhưng khi mua về thì to quá không câu được,1,0,0,0
tào lao không như mong đợi,1,0,0,0
tôm nhỏ qua lưỡi thì to chưa câu không bịk câu được ko,1,0,0,0
không thấy cá cắn câu !,1,0,0,0
tôm hơi to. chưa câu nên chưa biết ntn,1,0,0,0
"sản phẩm nhìn chung là tốt, ngoài việc rụng mất mấy cái miếng sắt để treo lưới",1,0,0,0
không thấy nhãn hiệu aolikes trên sản phẩm như trong hình,1,0,0,0
"đang cần sử dụng ,đặt chân trái giao chân phải , thế này thì sao đây nhân viên kiểm duyệt đơn sản phẩm của tiki làm việc không kỷ lưởng để kháck sản phẩm cứ phản hồi kém làm ảnh hưởng tới tiki",0,1,0,0
sai sản phẩm. gửi không đúng yc,0,1,0,0
hơi rộng so với chân của tôi,1,0,0,0
"giao sản phẩm nhanh, đóng gói cẩn thận nhưng chất lượng hơi kém, dùng được 1-2 lần bung keo + giãn. không đáp ứng được nhu cầu so với giá đã chi.",1,0,0,0
bình thường không đến mức như quảng cáo,1,0,0,0
không có tác dụng gì nhiều vì quá mỏng và ngắn,1,0,0,0
dùng chán lắm. không ra gì,1,0,0,0
"sản phẩm giao sản phẩm chậm,chúng tôi phải tự đi lấy sản phẩm",0,0,1,0
"giao sản phẩm nhanh, đủ. nhưng chất lượng nhưng bình thường. sơn tệ",1,0,0,0
"giao thanh đòn bị sai, chiều dài không đủ để gắn 3 cục tạ",0,1,0,0
màn hình đồng hồ bị mất nét chữ. đã yêu cầu đối sản phẩm mới.,1,0,0,0
mua xe nhg lại thiếu bàn đạp,0,1,0,0
"chất lượng tệ. chất vải nilong quá nhiều, mặc 2 bữa thì sẽ nhen nheo như cái lò xo. không xứng đáng giá bán.",1,0,0,0
"tạm ổn tốt tốt tốt được, hơi mắc so với chất liệu",1,0,0,0
sản phẩm chất lượng quá thấp,1,0,0,0
"dây quá ngắn, kg có keo dính. quá tệ.",1,0,0,0
vợt màu đen giáo màu nổi quá,0,1,0,0
"sản phẩm được giao không giống trên hình. các bạn đưa cho tôi cái lăn có gai to, trong khi tôi đặt mua cái ít gai.",0,1,0,0
"đề nghị ghi rõ ràng hơn,để khách tránh mua bị nhầm",0,1,0,0
quần kích thước size khá nhỏ! cửa sản phẩm nên khuyến cáo khách sản phẩm. chất lượng 3/5. kiểu dáng form quần tốt.,1,0,0,0
"chào cửa sản phẩm, sao mình đặt 1 kiểu cửa sản phẩm giao 1 kiểu vậy?",0,1,0,0
"giao sai size giày, đặt 42 nhưng giao 38",0,1,0,0
tôi đặt size 44 sao lại 43 làm ăn như,0,1,0,0
không phù hợp với cần câu,1,0,0,0
2 con cửa sản phẩm giao có 1 màu.,0,1,0,0
gửi ngẫu nhiên. nhưng 2 con trùng màu. 2 con khác màu cũng đỡ. cho cửa sản phẩm 2sao.,0,1,0,0
quá bự và dài mong tiki có chế độ lựa chọn kích cở,1,0,0,0
gửi không giống mẫu trong hình cửa sản phẩm treo đầu dê bán thịt,0,1,0,0
"giao sản phẩm khác nội dung đặt sản phẩm, mình không biết cửa sản phẩm giao cái gì và để làm gì",0,1,0,0
"sản phẩm giao thiếu chi tiết, là bộ phận điều chỉnh lực cản và tốc độ đạp chân xem ảnh kèm theo . đề nghị nhà bán gửi bổ sung chi tiết nhưng thiếu hoặc đổi sản phẩm khác có đầy đủ chi tiết như trong catalogue! xin cảm ơn",0,1,0,0
"phần đế chống trượt rất kém trên sàn gạch bông, kém hơn cả miếng mút chống va đập sau khi lót dưới chân. nút vặn hãm lực không có tác dụng",1,0,0,0
đạp 1chút là máy nóng không đạp được nữa.,1,0,0,0
"sản phẩm dành cho người có tuổi thì hợp lý hơn, mình đạp 1 lúc là cuồng đạp nóng ran",1,0,0,0
điểm nối gấp rung kém định để đạp.đạp kêu kẹt kẹt và không có độ bám sàn.không đáng mua,1,0,0,0
chân đế nhưng hơi yếu chưa vững,1,0,0,0
các chi tiết không được chắc chắn lắm,1,0,0,0
không xài được quá yếu tập khong hiệu quả,1,0,0,0
chân bàn khập khiễng không đều nhau,1,0,0,0
"tôi đi giày size chuẩn 41, chọn size theo hướng dẫn, tuy nhiên đi mẫu này rộng hơn 1 size. vậy xin hỏi cửa sản phẩm cho tôi đổi lại size 40 được không.",1,0,0,0
mình đặt đúng thứ ba nhưng tiki bảo là giao sản phẩm tiêu chuẩn thứ hai đến thứ ba chờ rất là lâu,0,0,1,0
không có tất không thích gì cả chán quá mong núc nào mua có tất,0,1,0,0
sao e đặt size 39 nhưng giao size 38 vậy ạ em đổi lại được hk ạ,0,1,0,0
tôi mua sire 39 nhưng n to hơn 1 cỡ tôi muốn đổi lại sire 38 có được không,1,0,0,0
"sản phẩm không dùng được , đã xoay chặt lên khuôn cửa gỗ nhưng cứ đu 1,2 lần là rơi, tôi đã bị ngã sưng cả cánh tay",1,0,0,0
sản phẩm cũ. co dấu hiệu rỉ sét,1,0,0,0
"sản phẩm rỉ sét, kém chất lượng",1,0,0,0
kém nhất không đa năng nhất,1,0,0,0
đánh giá không tính điểm chưa nhạn được sản phẩm nhưng bảo đã giao sản phẩm thành công. mất niềm tin quá,0,0,1,0
mua 1 cặp sao lại giao 1 cái nhỉ 🧐,0,1,0,0
em thấy phần quần legging bên trong dày vừa đủ nên khá tốt nhưng nhưng cái bên ngoài thì nó mỏng vs vải thưa quá nên em có hơi thấy kém về cái này. tổng quan về quần thì tốt lắm.,1,0,0,0
tôi muốn đổi sản phẩm. quần ống cao ống thấp và bên to bên nhỏ như vầy sao mặc?,1,0,0,0
"tạm ổn tốt tốt tốt tốt, hoàn thiện chưa tốt",1,0,0,0
"thảm mới nhưng bị cấn, có dấu lủng. giá không hề giá giá giá giá rẻ nhưng như vậy thì thật là thất vọng! mình có thấy mấy bài review trước, cũng bị như vậy. mình không nghĩ là do bên giao sản phẩm, vì mặt trên cuộn vào trong.",1,0,0,0
chưa gì thảm đã rách rồi. chất lượng tệ,1,0,0,0
vì sản phẩm bị lỗi nên cho chị đổi qua thảm tập adyg 10500rs 5mm,1,0,0,0
"đóng gói qúa đơn giản , không có nổi một cái túi đựng cho một món sản phẩm trên triệu đ !",0,0,0,1
"sản phẩm xuất xứ tq, mã vạch tl. check qr không ra. không biết sao luôn",1,0,0,0
mua 2 loại mỗi loại 2 con. gửi về 4 con giống nhau giống màu. cửa sản phẩm làm ăn kém quá.,0,1,0,0
giao sản phẩm không giống hình,0,1,0,0
"mình đặt 2 cặp 4 chiếc , sản phẩm giao bị thiếu 1 cặp 2 chiếc liên hẹ trực tiếp số trên giấy bảo hành của cửa sản phẩm thì không thấy hồi đáp",0,1,0,0
giao sản phẩm 1 chiếc thế này thì dùng thế nào. yêu cầu giao lại sản phẩm,0,1,0,0
chất lượng tốt nhưng cần ghi rõ thông tin ở trên đầu là chỉ bán 1 chiếc,0,1,0,0
ủa có 1 chiếc thôi hả tiki?,0,1,0,0
"mình tưởng đơn giá trên 1 đôi, chứ 1 chiếc thì mua về dùng sao?",0,1,0,0
không giống mẫu trên nội dung quảng cáo.,0,1,0,0
"đồ dỏm của tàu, ra decathlon mua đồng giá tốt hơn nhiều",1,0,0,0
nhận được 1 bên tay. bên nhưng lại đâu,0,1,0,0
không có túi tặng kèm như mô tả,0,1,0,0
"đầu tiên mình cảm ơn tiki đã mât thời gian soạn đơn sản phẩm và giao đến mình. nhưng mình xin chia sẽ thật là đơn sản phẩm làm mình cảm thấy thất vọng vô cùng, thảm 2 lớp nhưng mỏng lắm, rất dể hư, túi đựng thì vừa khui sản phẩm đã rách. cảm ơn nhiều vì đã ghi nhận.",1,0,0,0
"tôi đặt mua 1 thảm yoga màu hồng tím, có túi đựng họa tiết hoa và 1 balo trẻ em nhưng khi giao sản phẩm thì lại là 2 thảmyoga màu xanh đen và 1 túi đụng màu đen rất xấu không có balo trẻ em . tôi rất không hài lòng nhưng thấy shipper đi vất vả nên tôi đã lấy và thanh toán 1 thảm màu xanh đen kèm túi đựng. cửa sản phẩm và admin của trang nên chú ý cẩn thận giao sản phẩm đúng theo đơn đặt sản phẩm. tôi không hài lòng với đơn sản phẩm lần này.",0,1,0,0
ghi là tặng kèm túi đựng thảm nhưng không thấy túi đâu. thông tin là thảm hồng nhưng giao tới màu xám. nhắn tin cho cửa sản phẩm cũng không trả lời luôn.,0,1,0,0
"sản phẩm giao không như hình, giới thiệu loại 2 lớp nhưng giao loại 1 lớp. tiki đã thu hồi sản phẩm, đợi giao lại, không biết có như ý không. mua sản phẩm tiki nhiều lần rồi, đây là lần đầu gặp vấn đề như vầy.",0,1,0,0
"sản phẩm được nhận không giống với sản phẩm đặt mua. sản phẩm đặt mua là thảm yoga màu tím, 2 lớp sản phẩm nhận được là thảm yoga nhưng xanh, chỉ có 1 lớp",0,1,0,0
cửa sản phẩm giao không đúng sản phẩm,0,1,0,0
ghi tặng kèm túi đựng nhưng mình mua 2 cái thảm đều không có,0,1,0,0
giao tới mình lười cũng không kiểm sản phẩm. giờ mở ra mới thấy giao cho mình thảm màu nhìn xấu tệ,0,1,0,0
gi thảm cộng túi thế nhưng có mỗi thảm . nói một đằng làm một nẻo,0,1,0,0
sao nói tặng túi đựng thảm nhưng sao không có vậy cửa sản phẩm,0,1,0,0
cái gì nhưng đưa hình rất đẹp. lại giao sản phẩm không thể tưởng. tệ quá chừng luôn. hình đăng bán và giao là 2 cái khác xa nhau,0,1,0,0
nâng giá trên trời rồi gắn mác giảm giá. số tiền bỏ ra có thể ra cửa sản phẩm mua cái chất lượng hơn nhưng không bị gắn mắc giảm giá. thất vọng,1,0,0,0
"giao bán 1 đằng, bán sản phẩm 1 kiểu, kiểu treo đầu dê bán thịt vậy, nghe tiki quảng cáo thì hay lắm nhưng thật sự thấy thất vọng ghê gớm",0,1,0,0
thảm chưa mở ra hết nhưng thảm bề rộng khá rộng 78cm . bao đựng kèm không che hết được thảm.,1,0,0,0
"không đúng màu đã đặt sản phẩm, không giống hình ảnh quảng cáo",0,1,0,0
"sản phẩm bị lỗi , lủng lỗ . đây là lần thứ 2 nên mình sẽ không gửi trả nhưng sẽ không mua nữa",1,0,0,0
"sản phẩm bình thường, hơi mỏng so với mong đợi",1,0,0,0
"mình chọn mua vì trên hình thấy màu hồng nhạt sáng, nhưng khi nhận thì màu khác và rất tối. mình không thấy trên thông tin ghi màu ngẫu nhiên.",0,1,0,0
thảm ghi 2 lớp nhưng gia thảm có 1 lớp. tiki quản lý chất lượng nhà cung cấp quá kém.,0,1,0,0
không hề tặng túi đựng thảm thất vọng,0,1,0,0
không có sản phẩm tặng kèm theo sản phẩm,0,1,0,0
sản phẩm nhận được không giống lúc đặt mua,0,1,0,0
thảm như hình nhưng có 1 điều là khi tay chân ra mồ hôi thì bị trơn khó tập. tiền nào của nấy,1,0,0,0
không gửi kèm túi đựng thảm cho mình lsao? ? đề nghị gửi lại cho mình túi đựng thảm. thanks!,0,1,0,0
"sản phẩm in bị lỗi, màu tốt, chất lượng chưa dùng nên không bt có bị trượt không",1,0,0,0
"thảm tập bị lỏm 1 lỗ, lỗi trên bề mặt rất lớn, cảm thấy thất vọng về sản phẩm tiki giao lần này",1,0,0,0
túi không đúng như hình đã đăng,0,1,0,0
"nó là vậy nè , chưa trả tiền , chắc không dám đổi nữa quá , vì biết đâu .",1,0,0,0
"giao sản phẩm nhanh, nhưng chất lượng thì tệ. thảm mỏng, bị rỗ rỗ ở ngoài viền thảm.",1,0,0,0
"thảm thấy tạm ổn tốt tốt tốt, nhưng tặng túi đựng nhưng nhỏ được chút không đựng được. thà đừng tặng nhưng hơn",1,0,0,0
sản phẩm giống hình nhưng túi đựng kèm theo kg đúng với hình như thế là ntn vậy cửa sản phẩm. tôi thật sự kg hài lòng,0,1,0,0
"cũng tạm ổn tốt tốt tốt, không cố định chắc chắn cho lắm đối với bề mặt nền gạch",1,0,0,0
"thảm giống hình ảnh, tuy nhiên túi đựng thảm rất mong mảnh và dễ rách",1,0,0,0
"mình đặt sản phẩm 2 thảm yoga đã thanh toán, nhưng cửa sản phẩm chỉ mới giao 1, cửa sản phẩm phản hồi sớm giúp mình nhé",0,1,0,0
giao sản phẩm không đúng mẫu đã quảng cáo. không biết chất lượng sẽ như thế nào,0,1,0,0
"sản phẩm có 6mm, nhưng lại mềm xẹp, phí tiền so vs tấm 200k, tiki cho mấy gian sản phẩm bán dở quá, thua cả ,",1,0,0,0
thảm không dày như mong đợi nhưng màu lại loang lôt kiểu lỗi lỗi. thôi thì tiền nào của nấy.,1,0,0,0
màu sản phẩm nhận được không như hình,0,1,0,0
đề nghi nhà cung cấp kiểm tra sản phẩm trước khi giao thảm bị lủng hai lỗ,1,0,0,0
"chất vải cứng, khi siết đai chặt thì đầu gối không linh hoạt, khó cử động. nới bớt đai ra thì lại lỏng lẻo, dễ rơi tuột. mua về nhưng không dùng được!",1,0,0,0
giao sản phẩm hơi lâu gần 1 tuần.chất lượng tốt,0,0,1,0
thiết kế miếng dán giữa không được hợp lý nên thiết kế lại.,1,0,0,0
sản phẩm y hình nhưng có 1 số lỗi không rõ do lỗi vận chuyển hay lỗi người bán cố tình gửi cho khách. nói chung tạm ổn tốt tốt tốt được. sản phẩm có giá cả tương ứng chất lượng! sản phẩm y hình nhưng có 1 số lỗi không rõ do lỗi vận chuyển hay lỗi người bán cố tình gửi cho khách. nói chung tạm ổn tốt tốt tốt được. sản phẩm có giá cả tương ứng chất lượng!,1,0,0,0
giao sản phẩm không đúng như sản phẩm đã đặt.,0,1,0,0
giao sản phẩm không đúng màu!,0,1,0,0
"sản phẩm gửi nhầm màu, chất lượng tốt",0,1,0,0
chất liệu và kích thước không như giới thiệu. cái được là giao sản phẩm đúng lịch,0,1,0,0
"mình đặt màu xanh đậm, xanh nhạt như trong hình trên nhưng giao lại ra màu xanh hồng",0,1,0,0
giờ tôi đặt mua sản phẩm nhưng cái ấn tượng đầu tiên khi unbox là dơ như vậy thì biết làm sao ?,1,0,0,0
sản phẩm giao sản phẩm đúng hẹn nhưng mặt sau của thảm bị rách như mèo cào. nhưng mặt trên êm và khá tốt. giá cả cũng không phải quá giá giá giá giá rẻ nhưng hợp lí :,1,0,0,0
"ghi là giao xanh dương , nhưng giao màu hồng , rất tiếc",0,1,0,0
sản phẩm đã được giao nhưng không đúng như hình và chất liệu. đề nghị đổi giúp sản phẩm sớm.,0,1,0,0
"lắp yên xe xong không ngồi được, vòng xe bong ra",1,0,0,0
"nhắn tin từ lúc chưa giao đến giao xong không xem cũng không rep, rất thiếu chuyên nghiệ",0,1,0,0
áo vừa nhận được bị rách. dáng mặc size l rồi nhưng vẫn không có giãn tốt,1,0,0,0
giao nhanh nhưng sức chỉ và áo quá nhỏ,1,0,0,0
nhỏ so với size. size mình cho người 48kg không mặc được,1,0,0,0
"áo chật so với size, không co giãn",1,0,0,0
giao áo không đúng mẫu đặt,0,1,0,0
chất lượng không xứng với giá tiền,1,0,0,0
không vừa ss note 10 plus,1,0,0,0
không tôt dễ lủng trớt trợt không co độ bám dính,1,0,0,0
banh rất khí đánh,1,0,0,0
không đúng sorry không trùng vỏ với máy,0,1,0,0
"không thực sự đẹp, màu sơn không chất lượng.",1,0,0,0
cửa sản phẩm giao lộn size ! bên ngoài bao bì size 39 bên trong là size 40,0,1,0,0
"do chủ quan nên không quay video lại, mọi người mua sản phẩm thì nhớ quay video lại để dễ được xử lý sản phẩm thiếu",0,1,0,0
đồ quá cũ và hoen rỉ tôi yêu cầu tiki đổi sản phẩm gấp,1,0,0,0
anh ơi e đặt bộ tạ nhưng sao anh gửi cho em nồi cơm điện làm ăn kiểu gì vậy?,0,1,0,0
sản phẩm gửi về vậy rồi sao treo chơi được,1,0,0,0
"mình đặt loại 45cm, dày 2,5cm chất liệu gỗ + 6 phi tiêu nhưng giao cho mình loại 40cm, dày 1,2cm, chất liệu không phải gỗ + kim loại và không có kèm theo cái phi tiêu nào. đề nghị đổi sản phẩm hoặc hoàn tiền nếu không có sản phẩm đúng như thông tin mô tả.",0,1,0,0
"tôi mua bảng kim lá , sao lại gửi nam châm , bán sản phẩm kì vậy ?",0,1,0,0
"tôi đặt bảng 45 cm, dày 2.5 cm sao lại giao bảng 40cm, dày 1 cm? đề nghị được đổi lại đúng sản phẩm được miêu tả trên, hoặc hoàn tiền nếu không có sản phẩm.",0,1,0,0
"sản phẩm nhìn rất cũ, bong tróc đứt gãy",1,0,0,0
"sản phẩm có tính giải trí cao. tuy nhiên, chất lượng kém, chơi được vài lượt thì bị gãy phần đuôi của phi tiêu, dán bằng keo 502 cũng lại tiếp tục gãy. đã bị gãy 3 cây phi tiêu rồi.",1,0,0,0
bảng làm bằng giấy cuộn. phi tiêu nhựa rất lỏng lẻo. 1 tuần là bảng bung hết. không nên mua,1,0,0,0
"giao sản phẩm sai size, không có 6 phi tiêu size thì có 40cm, 1cm mọi người mua cần cẩn thận trước khi mua",0,1,0,0
đề nghị tiki kiểm tra lại trước khi giao sản phẩm . thông tin sản phẩm mẫu mã. kích thước cho đúng . 45 cm x 2.5 cm nhưng lại giao 40 cm x 1.2 cm . mua sản phẩm 200k nhưng giao 100k .,0,1,0,0
"mũi tên kém, dể bị rời ra",1,0,0,0
"sản phẩm không như mong đợi, chất lượng kém",1,0,0,0
moi chơi mấy lần đa bun keo vỡ,1,0,0,0
"nứt mẻ viền cạnh, thấy không chắc chắn.",1,0,0,0
"tiki giao sản phẩm nhanh. chất lượng bảng tương đối tốt, bám dính. mô tả tặng kèm 6 cây phi tiêu, nhưng khi nhận sản phẩm chỉ có 3 cây.",0,1,0,0
"trước tiên vẫn phải dành lời khen cho sự nhanh nhẹn của team giao sản phẩm sản phẩm tiki, vừa hôm qua đặt chiều này đã có sản phẩm. - hình thức đẹp đúng mong đợi - bảng khá nặng, khá chắc chắn, hồng tâm ở vị trì hơi lệch. - có 2 mũi phi tiêu bị trờn ren phần cầm tiêu không vặn chặt được nên lúc phi có thể sẽ không chính xác. mong bên tiki có thể xem xét để đổi cho mình không thì cũng tốt. - góp ý nên có hướng dẫn cách treo bảng phi tiêu và cách phi cụ thể bằng tiếng việt.",1,0,0,0
"mũi phi tiêu không đẹp. bảng phi tiêu tương đối tốt, chất liệu mềm và dính tiêu. nhưng phần vòng chia bằng kim loại có thể bị lệch.",1,0,0,0
sau một thời gian thì dễ bị gãy. nói chung là tạm ổn tốt tốt tốt được,1,0,0,0
giao sản phẩm sai. giải quyết rất chậm. cuối cùng không thể đổi sản phẩm nhưng phải hoàn trả.,0,1,0,0
giao sản phẩm không đúng. nhắn tin không phản hồi.,0,1,0,0
mua số 43 giao số 40 . buôn bán không đúng,0,1,0,0
sao cửa sản phẩm giao 5kg trong khi mình đặt 6kg ạ?,0,1,0,0
đùi trên vừa nhưng phía dưới không ôm nên không bó gối được,1,0,0,0
"mua có sản phẩm tặng kèm găng tay và kiềm bóp tay nhưng khi nhận thì chỉ găng tay nhưng kiềm bóp tay lại lấy 40k trong khi nó free. nếu hủy kiềm đi thì bộ tạ cũng hủy theo, nt cửa sản phẩm không thấy tl cửa sản phẩm nên xem lại.",0,1,0,0
"sản phẩm lỗi không lắp vào được, yêu cầu đổi cả bộ hoặc ống giữa bị méo một đầu",1,0,0,0
"chất lượng tạ tốt, nhưng thiếu đòn tạ dài, có thể gửi bổ sung được không",0,1,0,0
"tạ thì vỡ , đòn thì cong buôn bán tồi đến thế là cùng",1,0,0,0
"bộ tạ dùng tốt, nhưng cửa sản phẩm gửi mih sản phẩm lỗi mất 1 bánh tạ.",0,1,0,0
"giao sản phẩm quá lâu và mất thời gian,phiền hà",0,0,1,0
chất lượng kém nhận được sản phẩm rất thất vọng,1,0,0,0
"dễ bị bung đế, keo dán đế kém. tuy nhiên cầu đá hay",1,0,0,0
chất liệu vải nóng và bí hơi chứ không thoáng như mình nghĩ.,1,0,0,0
"chất lượng xấu, form ngắn, áo xanh lá thể thao nhưng có chấm chấm li ti nhìn như áo cho nữ. không đáng tiền.",1,0,0,0
"sản phẩm không đúng màu,nếu có lần sau nên báo khách trước",0,1,0,0
giao sản phẩm không có kim làm sao ngta bơm bóng. ycau tiki xử lý. gọi điện giao gấp,0,1,0,0
"vỏ không trùng ruột, không có tem đỏ niêm phong. vỏ dày đúng armor, nhưng vỏ thì 18 nhưng ruột thì 19.",0,1,0,0
"sản phẩm cũng tốt , nhưng bắt vô tường không chắc chắn, phải bắt xuyên tường mới tốt",1,0,0,0
chất lượng tốt nhưng bộ tắc kê bắt tường kèm theo rất tệ.,1,0,0,0
"mình đã đặt mua băng trán thể thao cao cấp aolikes tc-2103 màu hồng có giá 119k, nhưng tiki lại gửi mẫu băng trán thể thao có giá 69k cho mình. rất mong tiki nhanh chóng gửi lại đúng sản phẩm mình đã đặt mua. cám ơn!",0,1,0,0
"combo 3 sản phẩm, giao.được xăng với đá nhưng.bất không có, đợi chờ đã như không.",0,1,0,0
chất lượng kém không hài lòng,1,0,0,0
combo tốt nhưng bật lửa sai màu,0,1,0,0
"rất tệ, chuyển sản phẩm không giống như hoá đơn",0,1,0,0
không bền và không có xăng hay chảy,1,0,0,0
"hi, cửa sản phẩm ơi tôi đặt sản phẩm 2x69000đ nhưng giao cho tôi chỉ có 1 cái là thế nào? tiki giao sản phẩm không đúng với yêu cầu người đặt sản phẩm khg trả lời người mua sản phẩm. tiki có dấu hiệu đảo!",0,1,0,0
"quần không được nó đùi, khi bơi hay bị lộn lên phía đùi!",1,0,0,0
không có độ co giãn,1,0,0,0
"chất liệu vải kém lắm, nói chung là tạm ổn tốt tốt tốt được thôi",1,0,0,0
đặt đôi tạ 3kg giao 2kg.,0,1,0,0
"tạ làm bằng nước sơn nên hôi không chịu được, mở ra 4-5 bữa rồi nhưng mỗi lần cầm lên cái mùi sơn hôi nhức hết cả đầu, mua ề nhưng chưa tập được bữa nào, cái mùi thật sự kinh khủng",1,0,0,0
giao sản phẩm rất chậm ạ!,0,0,1,0
sai màu chọn size 75 cm lại giao cho mình 55cm,0,1,0,0
"sản phẩm giao nhanh ,nhưng không đúng sản phẩm đã đặt .tôi đặt bóng tập yoga có gai nhưng lại giao bóng trơn là sao .quá thất vọng .yêu cầu đổi sản phẩm.",0,1,0,0
kéo nhẹ là bị đứt đôi luôn,1,0,0,0
không thể chấp nhận được. lỗ chốt vít lúc nào cũng nhưng mối hàn hoặc sắt dư trong dính ở lỗ . lần trước mua chiếc ebike cung bị lỗi nhu vay! thật sự không bit kinh doanh kiểu này sao cho công ty phát triển được hay vậy bg vietnam,1,0,0,0
"rất khó để lắp ráp và khi lắp xong các mối đều không khớp hoàn chỉnh, thay độ nghiêng của ghế rất khó khăn.",1,0,0,0
xốp rất dễ bị hư hại ngồi 1 lúc là xẹp ngay và không đàn hồi lại được.,1,0,0,0
"tập đùi kg được, móc đùi khó khăn",1,0,0,0
không hài lòng. cửa sản phẩm bảo cho mã khuyến mãi sau khi đánh giá chất lượng tốt nhưng lại không làm. liên hệ không trả lời. đảo.,0,1,0,0
"túi quá mỏng, không biết xài được mấy ngày thì rách. không xứng với giá tiền.",1,0,0,0
"dây tập nhảy: quấn se tròn luôn, không nhay được, mới ngày thứ 2 hư luôn nút đếm số vòng ha ha",1,0,0,0
"đường may đẹp, dẹp ôm vào người gọn gàng, chạy bộ tiện có vẻ 150k là hơi mắc so với các loại khác, không có ngăn nhỏ để phân chia",1,0,0,0
chưa được hài lòng về sản phẩm,1,0,0,0
"túi mỏng quá, kết cấu không chắc.",1,0,0,0
cái màu cam mua từ cửa sản phẩm coi như vứt. ngay tựa đề thảm không đề kích thước khiến mình mua nhầm. may nhưng đặt hai loại khác nhau nên nhưng cái tím dùng.,0,1,0,0
mình đặt màu đỏ nhưng cửa sản phẩm giao màu cam với lại mình đặt zera sao lại giao mình tpe đề nghị cửa sản phẩm đổi lại sản phẩm giúp mình,0,1,0,0
"thảm ngắn quá vậy , sao tập được ạ , em muốn đổi lại thảm hoặc hoàn tiền.",1,0,0,0
không có thông tin kích thước thảm nên mua kích thước em bé?,0,1,0,0
"mình đặt nhầm kích cỡ, báo đổi lại thì hơn 24h, vẫn chưa có phản hồi, gọi tổng đài 2 lần, 1 lần ngày 09/10, 1 lần ngày 10/10 vẫn không có ai trả lời.",0,1,0,0
tôi mua thảm 1m2 59cm giao cho tôi thảm 1m8 61 đề nghị đổi cho tôi,0,1,0,0
"thảm ngắn. không vừa vặn, phải mua thảm khác.",1,0,0,0
"các thông số đo đạc hiển thị không thực sự chính xác, nhất là thông số nhịp tim",1,0,0,0
yên xe ngồi mau hư quá.,1,0,0,0
giao sản phẩm không đúng mẫu đặt cần tiki liên hệ đổi trả .,0,1,0,0
mua sản phẩm v31 v31a nhưng giao sản phẩm đều là v31.,0,1,0,0
"nón có vẻ cũ, mùi rất hôi và nhiều bụi trắng",1,0,0,0
cao su bị dính dính và bên trong không nhám lắm nên khá là khó đội lên,1,0,0,0
sản phẩm trông như đã sử dụng hoặc để kho lâu quá hay sao? để ý kỹ ảnh sẽ thấy sản phẩm có vết bẩn. lần đầu tiên mua sản phẩm tiki nhưng thất vọng thế này nên mạnh tay đánh giá 2,1,0,0,0
chất lượng tốt. đóng gói túi bóng trông quá cũ kỹ,0,0,0,1
nói chung là sản phẩm tạm ổn tốt tốt tốt thôi. chỉnh khánh lực có cũng như không.,1,0,0,0
xe dùng tốt nhưng dùng từ 1 - 2 ngày có hiện tượng bị kêu không biết là do mình lắp hay do xe nhưng bảng điện tử thì không được nhé bảng không báo quãng đường nhưng nhưng số liệu nhưng lại thì lúc được lúc ko,1,0,0,0
đồng hồ hiển thị bị hư .nhảy lung tung . đề nghị kiểm tra giải quyết,1,0,0,0
"mình mua chạy khoảng 2 tuần , giờ đạp chạy kêu lọc xọc bên trong rất khó chịu . hỏi sửa chữa ở đâu và bảo hành ở đâu ntn?",1,0,0,0
"xe cứng cáp đạp tốt, nhưng phần nỉ chỉnh lực mới được 1 tháng đã mòn lún vào rồi, nếu chỉnh nặng tí thì sẽ cạ vào phần kim loại. trường hợp này xử lí sao vậy cửa sản phẩm",1,0,0,0
"tạm ổn tốt tốt tốt được. yên hơi nhỏ, bàn đạp hơi lỏng.",1,0,0,0
"cái phanh bánh xe quá lởm, chỉ để tập 1 tư thế, phù hợp cho những người tập không dùng giày tại nhà.",1,0,0,0
sản phẩm gửi đến bị thiếu 1 chi tiết.xin vui lòng gửi lại để được lắp đặt vào,0,1,0,0
"xe mua được 2 tháng đã có tiếng kêu ở trục đạp của xe, có thể bị bể bạc đạn hoặc hư hỏng, vui lòng bảo hành sản phẩm hoặc tiến hành sửa chữa. cám ơn",1,0,0,0
xe yếu ớt như muốn gãy chạy nghe két két tóm lại không đáng tiền.,1,0,0,0
xe đạp có tiếng kêu ken két rất ghê tai,1,0,0,0
"tạm ổn tốt tốt tốt được, khung không được chắc lắm",1,0,0,0
xe quá tệ mới mua về đi chưa được 21 ngày đã hư đạp bị bung day cu roa ra,1,0,0,0
"sản phẩm có hình thức đẹp tuy nhiên mặt trong quá mỏng, tập vẫn đau và chai tay.",1,0,0,0
xe thiết kế tay nắm xa quá đạp xe phải ngả người về phía trước rất mỏi! nhà cung cấp khuyên đạp chân thì ngồi đạp đừng cầm tay nữa. lưng ghé tựa thì xa ghế ngồi cũng không dựa được tiện dụng. nói chung xe nhìn đẹp nhưng thiết kế chỗ ngồi và tay nắm phải chuẩn mực mới được. chán,1,0,0,0
"sản phẩm tạm ổn tốt tốt tốt chấp nhận được. có những chi tiết gia công kém chất lượng dẫn đến việc không thể lắp ráp được. ví dụ: chi tiết tựa lưng do gia công kém chất lượng bị móp méo, không cân đối, dư thừa chi tiết nên không ghép vào được chỗ yên xe. tôi bỏ thêm tiền để mua mẫu xe bg 8702 plus để có tựa lưng nhưng cuối cùng không ghép vào được dù đã thử nhiều cách để khắc phục lỗi của sản phẩm , chả khác nào mẫu 8701!",1,0,0,0
"xe cũng tạm ổn tốt tốt tốt. chất lượng hơi mỏng manh, so với các xe mua ở hiệu thì mỏng manh kẽo kẹt lắm. nói chung thép không chắc chắn và ghế ngồi lỏng lẻo. nói chung chưa đến 2 triệu nên cũng không thất vọng lắm",1,0,0,0
bị lỗi bạc đạn rồi. xe đạp nghe lộc cộc. bạc đạn bị biến dạng. vậy đổi trả sản phẩm hay sao cửa sản phẩm? mong được phản hồi sớm.,1,0,0,0
"sản phẩm mua về được đúng 1 hôm thì đã hỏng, kết cấu hoàn thiện kém, thanh sắt cán mỏng dánh.",1,0,0,0
sản phẩm cũng đẹp nhưng bực cái là không lắp ráp cho khách sản phẩm. điểm trừ khoản đó.,0,1,0,0
sản phẩm dở quá xài chưa được 1 tháng hư rồi,1,0,0,0
"nhà mình tập được 2 tháng thì trục bánh xe bị mòn nên bị lắc và kêu rất to. các bạn bên sản phẩm có hỗ trợ đổi trục lắc mới, tuy nhiên không biết các lắp ntn. hic",1,0,0,0
"đã nhận sản phẩm, thời gian giao sớm hơn dự kiến, nhưng thiếu cây nối với phần dựa lưng",0,1,0,0
không nên mua.sản phẩm mỏng manh chạy khó lắm,1,0,0,0
"chất lượng kém, kg như mong đợi",1,0,0,0
"cũng được, hơi bé, tư thế chạy phải bám vào thanh vịn không thoải mái lắm! theo mình mọi người nên kiếm mẫu máy to hơn",1,0,0,0
sao nói 5in1 nhưng chỉ có 2 thứ vậy,0,1,0,0
"chưa hài lòng lắm vì máy chạy dưới thảm bị rít không trơn, khó gấp lại, chạy nhanh có tiếng động lớn",1,0,0,0
"không có chế độ hảm tốc độ, rất dễ trượt ngã",1,0,0,0
hộp điều chỉnh thời gian không lên nguồn,1,0,0,0
giao sản phẩm qua cham. khong dung nhu thoi gian da bao truoc,0,0,1,0
"không xài được, đứng lên là thảm quay , rất dễ té . mua về để đó, hy vọng được trả sản phẩm",1,0,0,0
"hơi lỏng lẻo, chưa thấy xứng đáng vs giá tiền cho lắm",1,0,0,0
"quá ngắn hợp với các cháu 10-12 tuổi , không chắc chắn ọp ẹp như hành mã",1,0,0,0
có 1 đôi bị bẩn đen. 4 đôi sạch,1,0,0,0
sản phẩm đã có dấu hiệu rỉ sét dù nhưng nguyên trong hộp.,1,0,0,0
"mua sản phẩm 60-100cm ,nhà tôi cửa 80cm nhưng giao về không vặn lên 80cm được cứ nằm 60cm tối đa, đừng mua sản phẩm nữa",1,0,0,0
"chưa sử dụng nên không đánh giá chất lượng, nhưng chấm 1 về vận chuyển, từ quận này sang quận khác trong sài gòn nhưng tốn 1 tháng",0,0,1,0
"xà đơn đung được ,nhưng hơi yếu",1,0,0,0
"2 nút nhựa giữ ốc vào tường bị bể 1 cái. mình có thể đổi được không. đang định lắp, mở ra thấy bể như hình.",1,0,0,0
"mới mua về, vặn dài ra để thu từ từ cho dính cửa, thì lại thu khônh đươc. không bik có chính sách bảo hành ko?",1,0,0,0
"chơi được 2 ngày, giờ cong với bong nhựa rồi",1,0,0,0
"đánh giá không tính điểm mua 2 cái nhưng giao có 1 cái, nhắn tin phản ánh thì không rep, đảo à",0,1,0,0
sản phẩm mỏng và kém chất lượng quá,1,0,0,0
đồ mua rồi quá tệ. từ nay không mua đồ ở tiki nữa,1,0,0,0
đặt vành bóng rổ sao giao đôi giầy. yêu cầu trả sản phẩm,0,1,0,0
"sơn bị sót , mối hàn vỡ",1,0,0,0
"chữ khắc khá thô, thiếu tinh tế, không thấy được kí hiệu r độc quyền. bản lề lỏng. âm thanh bật nắp nghe khá hài. ố vàng mặt trong. khá là giống sản phẩm vn hơn là sản phẩm u.s.a",1,0,0,0
"then nắp lỏng lẻo nhìn dùng không được lâu, vỏ ố vàng không biết tại sao",1,0,0,0
giao không đúng sản phẩm đã đặt !,0,1,0,0
combo nhưng giao có mỗi con lăn,0,1,0,0
"dính không chắc, dễ bung khi chạy!",1,0,0,0
"hôm nay mới nhận sản phẩm xong, đóng gói cẩn thận, giao sản phẩm nhanh, nhưng về mở thảm ra thì có 2 lỗ thủng nhỏ. tạm ổn tốt tốt tốt được. chưa dùng nên chưa biết chất lượng thế nào",1,0,0,0
"sản phẩm bán nên kèm túi đựng, nhận sản phẩm chả có gì đi kèm để mang theo thảm đến lớp, kém qá, các sản phẩm 2 không ngta đã kèm túi đựng rồi",0,1,0,0
"ngắn hơn thảm bình thường, trơn, không bám",1,0,0,0
"thảm nhanh bám bẩn, không thật sự thoải mái khi tập",1,0,0,0
không đúng màu nhé đăng ký màu đen lại gửi màu xám,0,1,0,0
"sản phẩm không ưng ý, đầu vòi đã ngã vàng, ngoai hình trầy xước.",1,0,0,0
"cái gì vậy trời! chất liệu tốt, thoải mái, nhưng nhưng…. bị rách nè chời",1,0,0,0
sản phẩm chất lượng kém. đường may rất sấu,1,0,0,0
sản phẩm không giống trong ảnh,0,1,0,0
vải tốt đường mai thì quá dỡ,1,0,0,0
"mỏng lét, bán 90k. không thể tin được. quá tệ",1,0,0,0
"không đúng như hình ảnh, tôi không hài lòng về sản phẩm",0,1,0,0
"quá mỏg, không rõ tác dụng của sản phẩm",1,0,0,0
rất mỏng không chóng nắng và bụi được,1,0,0,0
chả đáng tiền mua. quá mỏng.,1,0,0,0
make in china nhưng ghi ở cửa sản phẩm là made in thailand,0,1,0,0
muốn dỗi sản phẩm vì sai8 dao sai10 không đeo được bị chưir muốn chết yêu cầu được dỗi lại sai 8,0,1,0,0
em đặt size 9 giao size 10.to lắm không vừa lòng,0,1,0,0
tôi không thấy mùi nhựa rất nhiều. liệu sản phẩm có lỗi hay là sản phẩm giả? tôi không dám dùng nó.,1,0,0,0
"chỉ như bình nước bằng nhựa bình thường nhưng giá quá giá cao,không đáng để mua!",1,0,0,0
"kém bền, dễ gãy trong, mới dùng mọt thời gian ngắn đã gãy.",1,0,0,0
kiếm chất lượng bơi không io,1,0,0,0
chất lượng kém chất lượng sài 2 lần đã gãy,1,0,0,0
không biết là không có hay cửa sản phẩm quên đinh để gắn khung vào tường.,0,1,0,0
tôi mới nhận được sản phẩm. khung thì bình thường. bóng thì bị hư. bơm hơi vào xì ra. không giữ được hơi,1,0,0,0
mình đã nhận được sản phẩm. khung lưới thì tốt nhưng quả bóng thì cứ bơm buổi sáng đến chiều lại bị xẹp là sao ạ. mong cửa sản phẩm đổi sản phẩm giíp,1,0,0,0
"chất lượng kém, mau hư hỏng",1,0,0,0
"vợt quá nhẹ, vật liệu sản xuất vợt quá kém dễ nứt gãy",1,0,0,0
"vợt quá nhẹ, dây đan chùn. quá thất vọng với sản phẩm này",1,0,0,0
mình đã nhận được sản phẩm và mở ra thì bị như này mong cửa sản phẩm phản hồi và đưa ra chính sách thoả đáng,1,0,0,0
"nhám dính kém, dùng bình thường",1,0,0,0
"sản phẩm chất lượng rất tệ, mn suy nghĩ cẩm thận trước khi đặt",1,0,0,0
"mình nhận sản phẩm bị giao sai màu, muốn nhận đúng màu tím thì mình cần liên hệ như nào?",0,1,0,0
"sản phẩm quá kém chất lượng, phần vòng đáy nhựa dập ghim bên trong rất xấu, dễ bục và có nguy cơ gây rủi ro cho người sử dụng!",1,0,0,0
chọn màu đỏ sao giao sản phẩm màu cam.tiki nay làm ăn gì kỳ vậy? chưa bao giờ thất vọng như hôm nay nhận sản phẩm. nhờ người nhà ra lấy giúp chứ nếu mình ra nhưng thấy màu như vậy sẽ không nhận sản phẩm đâu,0,1,0,0
"giao sản phẩm không đúng màu, không đúng mẫu, đề nghị cửa sản phẩm đổi lại",0,1,0,0
đặt thảm màu xanh nhưng giao thảm màu đỏ,0,1,0,0
mình mua 1 đôi cửa sản phẩm giao có 1 cái,0,1,0,0
"băng quấn hơi cứng, không ôm sát vào cổ tay",1,0,0,0
xe quá thấp bé và đạp hơi nặng so với người già hay người phục hồi chức năng.,1,0,0,0
"sản phẩm quá kém chất lượng, nắp đậy không chắc chắn, không khít.",1,0,0,0
sài chưa đầy 1 tháng đã bạc màu sài không êm cho lắm zippo bình thường3 ngày thì zippo này chỉ được 2 ngày,1,0,0,0
sản phẩm giao không có bộ bảo hộ đi kèm! đề nghị cửa sản phẩm gửi bổ sung!,0,1,0,0
cửa sản phẩm ơi. mk rất không hài lòng về ván. ván thường thì nghiêng sang bên nào thì quạch bên đấy. ván cửa sản phẩm bạn mk nghiêng sang trái thì nó quạch sai phải và ngược lại rất khó chịu. mong cửa sản phẩm xem sét lại,1,0,0,0
"deck không đep, dễ hỏng, bánh hay bị hư và dễ gỉ, khó làm trick",1,0,0,0
ván trượt này to quá so với bé trai. bánh xe tton7 quá. cho chị trả lại sản phẩm nha. màu không như hình,0,1,0,0
đồ bảo hộ nhỏ quá không vừa với bé,1,0,0,0
giao sản phẩm nhưng thiếu không đủ,0,1,0,0
"thực ra sản phẩm mình chưa dùng, nhưng đặt sản phẩm thì quá lâu, khi mình đặt mã sản phẩm thì thấy hiện lên là thứ 6 giao sản phẩm, khi kiểm tra lại mã sản phẩm thì lại là cn giao sản phẩm mất nhưng 8 ngày không biết đã được chưa?",0,0,1,0
cái mũ bảo hiểm hơi thất vọng,1,0,0,0
dùng được 1 tháng đã hỏng,1,0,0,0
sao tôi đặt mua kềm 10-60kg nhưng giao sản phẩm 10-40kg? làm ăn không trung thực vậy! tôi sẽ tẩy chay và report thương hiệu đại nam sport này.,0,1,0,0
"sản phẩm sai, 60kg nhưng giao sản phẩm lại là 40kg",0,1,0,0
"hiện tại sản phẩm nhận được không đúng với mẫu order: - yêu cầu loại 1 lớp, màu xanh dương => nhận được mẫu 2 lớp, màu xanh dương + hồng. - yêu cầu loại dày 8mm => nhận được loại 6mm. vui lòng kiểm tra hình sản phẩm trong file đính kèm và đổi sản phẩm như trong hình minh họa.",0,1,0,0
chất lượng chưa xài nên chưa biết sao . nhưng nhà bán cần lưu ý khi đã để màu gì nên giao đúng màu đó. vì để xanh dương đi giao tím. thà từ đầu để giao màu ngẫu nhiên đi. haizzz,0,1,0,0
"giá sản phẩm theo ý kiến cá nhân mình là giá giá giá giá rẻ. sản phẩm này giảm giá rất mạnh từ hơn 6 đ xuống đ, nhưng sau khi nhận được sản phẩm thì sản phẩn như ảnh mình sẽ đính kèm ảnh . mình cũng không muốn đổi trả vì thấy như thế dùng cũng được, tuy nhiên cửa sản phẩm cân chú ý hơn để nâng cao trải nghiệm khách sản phẩm cũng như chất lượng dịch vụ!",1,0,0,0
để mất điều khiển là coi như vứt máy luôn,1,0,0,0
"sản phẩm trung bình, giao sản phẩm thiếu phụ kiện.",0,1,0,0
"võng mùng giống hình, chỗ dây kéo bo tưa một đoạn , sản phẩm không đạt chất lượng, thật that vọng về sản phẩm.mình mong sớm được trả / đổi sản phẩm.",1,0,0,0
"cho minh gop y,vong nay tuy day,nhung bi do long n lam,hy vong tiki se cai thien tot hon100",1,0,0,0
